frame,inference_time_ms,num_detections,detected_classes
0,53.586721420288086,0,
1,20.570039749145508,1,baseball bat
2,19.320964813232422,0,
3,20.637989044189453,0,
4,19.551992416381836,0,
5,21.06308937072754,1,baseball bat
6,20.326614379882812,1,baseball bat
7,19.414663314819336,0,
8,19.883155822753906,1,baseball bat
9,19.449234008789062,0,
10,19.617080688476562,0,
11,21.706104278564453,0,
12,20.264387130737305,1,baseball bat
13,20.780324935913086,0,
14,19.796371459960938,0,
15,19.545316696166992,0,
16,19.72675323486328,0,
17,19.605398178100586,0,
18,19.788503646850586,0,
19,19.54817771911621,0,
20,19.685029983520508,0,
21,20.86472511291504,0,
22,19.90342140197754,0,
23,19.763708114624023,0,
24,21.29840850830078,0,
25,19.58322525024414,0,
26,19.698381423950195,0,
27,19.579648971557617,0,
28,19.608497619628906,0,
29,19.405841827392578,0,
30,19.537687301635742,0,
31,20.232677459716797,0,
32,19.44446563720703,0,
33,19.372224807739258,0,
34,20.95651626586914,0,
35,19.086837768554688,0,
36,19.34647560119629,0,
37,19.292116165161133,0,
38,19.33002471923828,0,
39,19.500255584716797,0,
40,19.384145736694336,0,
41,19.322872161865234,0,
42,19.357919692993164,0,
43,19.627809524536133,0,
44,19.889354705810547,0,
45,19.591808319091797,0,
46,19.747257232666016,0,
47,19.521713256835938,0,
48,19.411802291870117,0,
49,19.97542381286621,0,
50,19.516706466674805,0,
51,19.620656967163086,0,
52,19.653797149658203,0,
53,19.795894622802734,0,
54,19.82879638671875,0,
55,21.345853805541992,0,
56,19.627809524536133,0,
57,19.642353057861328,0,
58,19.632339477539062,0,
59,19.310951232910156,0,
60,19.10543441772461,0,
61,19.372224807739258,0,
62,20.393848419189453,0,
63,19.34814453125,0,
64,19.145965576171875,0,
65,20.17688751220703,0,
66,19.10114288330078,0,
67,19.003868103027344,0,
68,19.79851722717285,0,
69,18.835067749023438,0,
70,18.889188766479492,0,
71,19.124746322631836,0,
72,18.852949142456055,0,
73,18.947601318359375,0,
74,18.907546997070312,0,
75,19.8819637298584,0,
76,18.929719924926758,0,
77,19.00458335876465,0,
78,18.89944076538086,0,
79,18.79596710205078,0,
80,18.898487091064453,1,skateboard
81,18.462181091308594,0,
82,18.382549285888672,0,
83,18.635034561157227,0,
84,18.863677978515625,0,
85,18.71633529663086,0,
86,20.293474197387695,0,
87,18.526554107666016,0,
88,18.701791763305664,0,
89,18.094778060913086,0,
90,18.485307693481445,0,
91,18.49961280822754,0,
92,18.57137680053711,0,
93,18.305540084838867,0,
94,18.395662307739258,0,
95,18.27239990234375,0,
96,18.648862838745117,0,
97,18.380403518676758,0,
98,18.717288970947266,0,
99,18.2192325592041,0,
100,20.04265785217285,1,baseball bat
101,20.257949829101562,0,
102,19.005537033081055,0,
103,19.14525032043457,0,
104,19.230127334594727,0,
105,18.65363121032715,0,
106,18.411874771118164,0,
107,19.706249237060547,0,
108,18.76521110534668,0,
109,18.523216247558594,0,
110,19.107580184936523,0,
111,19.408464431762695,0,
112,18.636465072631836,0,
113,18.541812896728516,0,
114,19.443035125732422,0,
115,19.371747970581055,0,
116,19.498825073242188,0,
117,21.376371383666992,0,
118,19.71292495727539,0,
119,19.85907554626465,0,
120,19.619226455688477,1,car
121,18.921613693237305,0,
122,19.12093162536621,0,
123,19.25969123840332,0,
124,19.122600555419922,0,
125,19.356966018676758,0,
126,19.530534744262695,0,
127,19.407033920288086,0,
128,19.66714859008789,0,
129,19.78135108947754,0,
130,19.896984100341797,0,
131,19.86527442932129,0,
132,19.919872283935547,0,
133,20.511627197265625,0,
134,19.922971725463867,0,
135,19.60587501525879,0,
136,19.544601440429688,0,
137,19.553661346435547,0,
138,21.02065086364746,0,
139,19.379138946533203,0,
140,19.618988037109375,0,
141,19.673585891723633,0,
142,19.398927688598633,0,
143,19.588470458984375,0,
144,19.71268653869629,1,baseball bat
145,20.061016082763672,0,
146,19.919395446777344,0,
147,19.763946533203125,0,
148,20.508527755737305,0,
149,21.034717559814453,0,
150,19.67930793762207,0,
151,19.850969314575195,0,
152,19.64092254638672,0,
153,21.88730239868164,0,
154,20.825624465942383,0,
155,20.50471305847168,0,
156,19.908905029296875,0,
157,19.465208053588867,0,
158,20.250797271728516,0,
159,20.060062408447266,0,
160,19.77396011352539,1,baseball bat
161,20.047664642333984,0,
162,19.87433433532715,0,
163,19.707679748535156,0,
164,19.80757713317871,0,
165,19.510984420776367,0,
166,19.467830657958984,0,
167,19.295215606689453,0,
168,20.233869552612305,0,
169,19.481420516967773,0,
170,19.721269607543945,1,car
171,20.937681198120117,0,
172,19.41227912902832,0,
173,19.32382583618164,2,bus;truck
174,19.47760581970215,1,car
175,19.623756408691406,1,car
176,19.603967666625977,1,car
177,20.07913589477539,1,car
178,19.309043884277344,0,
179,19.448041915893555,0,
180,19.384384155273438,0,
181,19.53268051147461,0,
182,19.745349884033203,0,
183,19.70672607421875,1,truck
184,19.55866813659668,0,
185,19.13285255432129,0,
186,19.598722457885742,0,
187,19.562482833862305,1,car
188,20.055770874023438,0,
189,19.264698028564453,0,
190,19.661903381347656,1,car
191,19.454240798950195,0,
192,19.783735275268555,0,
193,19.473552703857422,0,
194,19.367456436157227,1,car
195,19.50693130493164,1,car
196,19.44446563720703,0,
197,19.240856170654297,1,car
198,20.392417907714844,1,car
199,19.37723159790039,0,
200,20.371675491333008,0,
201,19.202709197998047,1,car
202,19.0432071685791,1,car
203,19.436359405517578,1,car
204,19.359827041625977,1,car
205,19.423484802246094,2,car;truck
206,19.205093383789062,0,
207,18.89348030090332,0,
208,19.38652992248535,0,
209,18.54705810546875,0,
210,18.980026245117188,0,
211,19.069671630859375,0,
212,18.956661224365234,0,
213,18.683195114135742,0,
214,18.73636245727539,0,
215,18.77140998840332,0,
216,20.298480987548828,0,
217,18.594741821289062,0,
218,20.163297653198242,0,
219,19.352197647094727,0,
220,18.5701847076416,0,
221,18.98813247680664,0,
222,18.617630004882812,0,
223,18.789291381835938,0,
224,20.331859588623047,0,
225,19.056081771850586,0,
226,18.505096435546875,0,
227,18.669605255126953,0,
228,20.077943801879883,0,
229,18.69654655456543,0,
230,18.73636245727539,0,
231,18.81098747253418,0,
232,18.924713134765625,0,
233,18.761634826660156,0,
234,18.718481063842773,0,
235,18.932580947875977,1,airplane
236,18.757104873657227,1,airplane
237,18.950700759887695,1,airplane
238,19.81520652770996,0,
239,18.662214279174805,0,
240,19.210100173950195,1,airplane
241,19.042253494262695,0,
242,18.635988235473633,1,airplane
243,18.41568946838379,0,
244,18.465757369995117,0,
245,18.076419830322266,0,
246,18.19753646850586,0,
247,18.467187881469727,0,
248,19.347667694091797,0,
249,18.4326171875,0,
250,18.810272216796875,0,
251,18.698453903198242,0,
252,18.68438720703125,0,
253,18.60952377319336,0,
254,18.844127655029297,0,
255,18.645286560058594,0,
256,18.846750259399414,0,
257,18.2037353515625,0,
258,19.728422164916992,0,
259,18.398761749267578,0,
260,18.702268600463867,0,
261,18.815994262695312,1,airplane
262,18.813133239746094,0,
263,18.796443939208984,0,
264,18.608570098876953,0,
265,18.790245056152344,0,
266,18.608808517456055,0,
267,18.958330154418945,0,
268,19.56653594970703,0,
269,19.192934036254883,0,
270,18.992900848388672,0,
271,19.70362663269043,0,
272,19.253015518188477,0,
273,19.04010772705078,0,
274,19.178390502929688,0,
275,19.044160842895508,0,
276,19.24753189086914,0,
277,19.05965805053711,0,
278,19.898176193237305,0,
279,18.94378662109375,0,
280,20.95937728881836,0,
281,19.88816261291504,0,
282,19.60611343383789,0,
283,18.67532730102539,0,
284,19.665241241455078,0,
285,18.73636245727539,0,
286,18.703937530517578,0,
287,18.541812896728516,0,
288,19.33455467224121,0,
289,18.718242645263672,0,
290,18.72873306274414,0,
291,18.51058006286621,0,
292,18.94831657409668,0,
293,18.827199935913086,0,
294,19.134044647216797,0,
295,19.359588623046875,0,
296,19.279956817626953,0,
297,19.266128540039062,0,
298,20.014047622680664,0,
299,19.51003074645996,0,
300,20.007610321044922,0,
301,19.30546760559082,0,
302,18.951892852783203,0,
303,18.90850067138672,0,
304,18.621444702148438,0,
305,18.56827735900879,0,
306,18.748998641967773,0,
307,18.588542938232422,0,
308,18.877267837524414,0,
309,19.14691925048828,0,
310,18.67222785949707,0,
311,19.05345916748047,0,
312,19.097566604614258,0,
313,19.073009490966797,0,
314,19.115447998046875,0,
315,19.228458404541016,0,
316,19.558191299438477,0,
317,19.892215728759766,0,
318,19.88673210144043,0,
319,19.20318603515625,0,
320,18.88298988342285,0,
321,18.757343292236328,0,
322,20.900487899780273,0,
323,19.478797912597656,0,
324,18.457412719726562,0,
325,18.403053283691406,0,
326,18.55635643005371,0,
327,18.615007400512695,0,
328,18.7075138092041,0,
329,19.506454467773438,1,baseball bat
330,19.01531219482422,0,
331,19.287109375,0,
332,19.205331802368164,0,
333,19.432544708251953,0,
334,19.707441329956055,0,
335,19.2720890045166,0,
336,19.184589385986328,0,
337,18.990278244018555,0,
338,19.974231719970703,0,
339,18.893003463745117,0,
340,18.85366439819336,0,
341,18.526792526245117,0,
342,20.9658145904541,1,airplane
343,20.088911056518555,1,airplane
344,19.36650276184082,0,
345,19.167423248291016,1,airplane
346,19.41204071044922,1,airplane
347,19.655466079711914,1,airplane
348,20.241498947143555,0,
349,19.66094970703125,0,
350,19.161224365234375,0,
351,18.9206600189209,0,
352,18.746614456176758,0,
353,19.05512809753418,1,airplane
354,20.204782485961914,0,
355,18.840551376342773,0,
356,18.82338523864746,1,airplane
357,18.540382385253906,0,
358,19.02008056640625,1,airplane
359,19.946575164794922,1,airplane
360,19.879817962646484,1,airplane
361,20.30181884765625,1,airplane
362,19.632816314697266,1,airplane
363,19.467830657958984,0,
364,19.588232040405273,0,
365,19.160747528076172,0,
366,19.06728744506836,0,
367,18.66912841796875,0,
368,18.446922302246094,0,
369,20.043373107910156,1,airplane
370,18.294572830200195,0,
371,18.182992935180664,0,
372,18.98193359375,1,airplane
373,18.718242645263672,0,
374,18.72706413269043,0,
375,19.31452751159668,0,
376,19.024372100830078,0,
377,19.03223991394043,1,airplane
378,19.022464752197266,1,airplane
379,18.73493194580078,0,
380,19.086599349975586,0,
381,18.100261688232422,0,
382,18.3565616607666,0,
383,18.23878288269043,0,
384,18.85509490966797,2,airplane;airplane
385,18.7532901763916,2,airplane;airplane
386,18.817424774169922,2,airplane;airplane
387,18.96214485168457,1,airplane
388,18.8138484954834,0,
389,18.759965896606445,0,
390,19.659042358398438,0,
391,18.737077713012695,0,
392,18.68581771850586,0,
393,18.66936683654785,0,
394,18.344640731811523,0,
395,19.19412612915039,1,airplane
396,18.416643142700195,0,
397,18.80621910095215,1,airplane
398,18.01013946533203,0,
399,18.909454345703125,2,airplane;airplane
400,20.525693893432617,1,airplane
401,19.402742385864258,1,airplane
402,19.41657066345215,1,airplane
403,19.35100555419922,0,
404,18.253803253173828,0,
405,18.192052841186523,0,
406,18.533706665039062,0,
407,19.315719604492188,1,car
408,19.28424835205078,1,airplane
409,19.153833389282227,1,airplane
410,18.895626068115234,1,airplane
411,20.204782485961914,1,airplane
412,19.395828247070312,1,airplane
413,19.623517990112305,1,airplane
414,19.609928131103516,1,airplane
415,19.498109817504883,2,airplane;airplane
416,19.156455993652344,1,airplane
417,18.69940757751465,0,
418,18.538951873779297,0,
419,18.590688705444336,0,
420,18.319129943847656,0,
421,19.73700523376465,0,
422,18.6460018157959,0,
423,18.67508888244629,0,
424,18.71323585510254,0,
425,18.98193359375,0,
426,19.344091415405273,0,
427,19.25039291381836,0,
428,18.8446044921875,0,
429,18.98956298828125,0,
430,18.756628036499023,0,
431,19.054651260375977,0,
432,18.515825271606445,0,
433,18.83864402770996,0,
434,19.094228744506836,0,
435,19.275188446044922,0,
436,19.074678421020508,0,
437,19.304990768432617,0,
438,19.28567886352539,0,
439,18.92876625061035,0,
440,18.79096031188965,0,
441,18.955469131469727,0,
442,20.547866821289062,0,
443,18.86749267578125,0,
444,18.913984298706055,0,
445,18.825769424438477,0,
446,18.66936683654785,0,
447,18.956422805786133,0,
448,19.489526748657227,0,
449,20.406246185302734,0,
450,20.089149475097656,0,
451,19.618749618530273,0,
452,19.76776123046875,0,
453,19.633054733276367,1,airplane
454,19.313573837280273,0,
455,19.099950790405273,0,
456,19.442081451416016,0,
457,19.20795440673828,1,skateboard
458,19.32978630065918,0,
459,19.260406494140625,0,
460,19.628524780273438,0,
461,19.127368927001953,0,
462,20.275115966796875,0,
463,19.052743911743164,0,
464,19.062519073486328,0,
465,19.340038299560547,0,
466,19.16337013244629,0,
467,19.01984214782715,0,
468,18.931150436401367,0,
469,19.19865608215332,0,
470,18.808603286743164,0,
471,19.267797470092773,0,
472,20.908832550048828,0,
473,20.1108455657959,0,
474,18.907785415649414,0,
475,18.748998641967773,0,
476,18.834590911865234,0,
477,18.99886131286621,0,
478,18.958568572998047,0,
479,18.720626831054688,0,
480,18.655776977539062,0,
481,18.473386764526367,0,
482,19.048213958740234,0,
483,20.132780075073242,0,
484,19.437551498413086,0,
485,18.533945083618164,0,
486,18.672466278076172,0,
487,18.885135650634766,0,
488,18.871068954467773,0,
489,18.61739158630371,0,
490,18.57733726501465,0,
491,18.599271774291992,0,
492,18.486976623535156,0,
493,18.840312957763672,0,
494,19.924402236938477,0,
495,19.49906349182129,1,car
496,19.258737564086914,1,car
497,18.586397171020508,0,
498,19.162654876708984,0,
499,18.970012664794922,0,
500,20.331144332885742,0,
501,18.852710723876953,0,
502,18.62168312072754,0,
503,18.880128860473633,0,
504,19.32072639465332,0,
505,19.559383392333984,0,
506,19.403457641601562,1,airplane
507,18.89348030090332,0,
508,20.268678665161133,1,airplane
509,19.306659698486328,0,
510,18.87989044189453,0,
511,18.767595291137695,0,
512,18.748998641967773,0,
513,20.804882049560547,0,
514,19.994258880615234,0,
515,21.14081382751465,0,
516,19.051313400268555,0,
517,18.84746551513672,0,
518,18.507719039916992,0,
519,18.972396850585938,0,
520,18.763065338134766,0,
521,18.741369247436523,0,
522,19.01721954345703,0,
523,19.516468048095703,0,
524,19.480466842651367,1,baseball bat
525,20.170927047729492,0,
526,18.856525421142578,0,
527,18.824338912963867,0,
528,18.63408088684082,0,
529,18.19896697998047,0,
530,18.030166625976562,0,
531,18.845319747924805,0,
532,18.903017044067383,0,
533,18.399477005004883,0,
534,18.363237380981445,0,
535,18.526315689086914,0,
536,20.075321197509766,0,
537,18.82004737854004,0,
538,18.58806610107422,0,
539,18.50581169128418,0,
540,18.543243408203125,0,
541,18.228530883789062,0,
542,18.308639526367188,0,
543,18.122196197509766,0,
544,18.513202667236328,0,
545,19.271373748779297,0,
546,18.84317398071289,0,
547,19.330978393554688,0,
548,18.713712692260742,0,
549,18.643617630004883,0,
550,18.54085922241211,0,
551,19.081592559814453,0,
552,18.30124855041504,0,
553,19.015073776245117,0,
554,18.91303062438965,0,
555,18.574237823486328,0,
556,19.68979835510254,0,
557,19.253015518188477,0,
558,19.02914047241211,0,
559,19.42276954650879,0,
560,20.11895179748535,0,
561,18.49985122680664,0,
562,19.00005340576172,0,
563,18.80192756652832,0,
564,19.220829010009766,1,frisbee
565,18.582582473754883,0,
566,19.075393676757812,0,
567,20.212650299072266,0,
568,18.821239471435547,0,
569,18.735170364379883,0,
570,18.85080337524414,0,
571,18.62192153930664,0,
572,18.677473068237305,0,
573,18.53466033935547,0,
574,18.535375595092773,0,
575,18.692970275878906,0,
576,19.121885299682617,0,
577,18.961429595947266,0,
578,19.600391387939453,0,
579,20.081520080566406,0,
580,19.191980361938477,0,
581,18.921852111816406,0,
582,18.407106399536133,0,
583,18.489837646484375,0,
584,18.509626388549805,0,
585,19.861221313476562,0,
586,18.84150505065918,0,
587,18.83697509765625,0,
588,19.736289978027344,0,
589,19.406557083129883,1,baseball bat
590,19.000768661499023,0,
591,18.825531005859375,0,
592,18.837690353393555,0,
593,18.463850021362305,0,
594,18.672704696655273,0,
595,18.935203552246094,0,
596,18.8140869140625,0,
597,19.1650390625,0,
598,20.34902572631836,0,
599,19.900083541870117,1,baseball bat
600,20.731687545776367,0,
601,18.960952758789062,0,
602,18.610239028930664,0,
603,18.759727478027344,0,
604,18.550872802734375,0,
605,18.581628799438477,0,
606,18.81122589111328,0,
607,18.791675567626953,0,
608,19.27042007446289,0,
609,19.848108291625977,0,
610,19.064664840698242,0,
611,18.9969539642334,0,
612,18.81265640258789,0,
613,21.07858657836914,0,
614,19.74940299987793,0,
615,18.533945083618164,0,
616,18.564462661743164,0,
617,18.607616424560547,0,
618,19.143104553222656,0,
619,20.845413208007812,0,
620,19.52958106994629,0,
621,19.34647560119629,0,
622,20.180940628051758,0,
623,19.263029098510742,0,
624,18.810749053955078,0,
625,18.526554107666016,0,
626,18.73016357421875,0,
627,19.209623336791992,0,
628,21.404266357421875,0,
629,20.756244659423828,0,
630,19.103527069091797,0,
631,19.332408905029297,0,
632,18.950700759887695,0,
633,18.960952758789062,0,
634,18.854856491088867,0,
635,19.145488739013672,0,
636,18.769025802612305,0,
637,19.374847412109375,0,
638,19.480228424072266,0,
639,19.444942474365234,0,
640,21.30889892578125,0,
641,19.488096237182617,0,
642,19.92487907409668,0,
643,19.7751522064209,0,
644,18.968582153320312,0,
645,18.759727478027344,0,
646,18.7685489654541,0,
647,18.871784210205078,0,
648,19.339323043823242,0,
649,18.840551376342773,0,
650,20.313024520874023,0,
651,20.440340042114258,0,
652,19.006729125976562,0,
653,19.065141677856445,0,
654,18.80955696105957,0,
655,18.65673065185547,0,
656,19.07491683959961,0,
657,19.63186264038086,0,
658,18.447160720825195,0,
659,18.585920333862305,0,
660,18.599748611450195,0,
661,18.91803741455078,0,
662,18.223285675048828,0,
663,18.182039260864258,0,
664,18.360614776611328,0,
665,18.5854434967041,0,
666,18.49079132080078,0,
667,18.662691116333008,0,
668,18.88418197631836,0,
669,18.877744674682617,0,
670,19.196748733520508,0,
671,19.850730895996094,0,
672,18.883943557739258,0,
673,18.64480972290039,0,
674,18.378019332885742,0,
675,18.148183822631836,0,
676,18.382787704467773,0,
677,18.249988555908203,0,
678,18.453121185302734,0,
679,18.831491470336914,0,
680,18.538475036621094,0,
681,19.824743270874023,0,
682,19.327640533447266,0,
683,18.496274948120117,0,
684,18.362045288085938,0,
685,18.782615661621094,0,
686,18.243789672851562,0,
687,18.279552459716797,0,
688,18.61405372619629,0,
689,18.60785484313965,0,
690,18.36395263671875,0,
691,19.55890655517578,0,
692,19.992589950561523,0,
693,18.60499382019043,0,
694,18.47243309020996,0,
695,18.422603607177734,0,
696,18.43571662902832,0,
697,18.393754959106445,0,
698,18.66912841796875,0,
699,18.648147583007812,0,
700,19.6378231048584,0,
701,19.31929588317871,1,car
702,18.858909606933594,0,
703,19.73581314086914,0,
704,18.852710723876953,0,
705,18.671512603759766,0,
706,18.319129943847656,0,
707,18.213987350463867,0,
708,18.636226654052734,0,
709,18.77570152282715,0,
710,18.731117248535156,0,
711,19.521474838256836,1,baseball bat
712,19.58489418029785,0,
713,20.65873146057129,0,
714,18.892765045166016,0,
715,18.43881607055664,0,
716,18.381357192993164,0,
717,18.57924461364746,0,
718,18.72873306274414,0,
719,18.53466033935547,0,
720,18.804311752319336,0,
721,18.96071434020996,0,
722,20.033836364746094,1,baseball bat
723,20.140647888183594,0,
724,19.115209579467773,0,
725,18.947839736938477,0,
726,18.812179565429688,0,
727,18.40829849243164,0,
728,18.409252166748047,0,
729,19.784212112426758,0,
730,18.89777183532715,0,
731,19.25373077392578,0,
732,19.439220428466797,2,baseball bat;skateboard
733,19.398212432861328,0,
734,20.78080177307129,0,
735,19.079923629760742,0,
736,18.552780151367188,0,
737,18.514633178710938,0,
738,18.417835235595703,0,
739,18.743515014648438,0,
740,18.4934139251709,0,
741,18.634319305419922,0,
742,18.776416778564453,0,
743,19.231557846069336,0,
744,20.71213722229004,0,
745,19.458770751953125,0,
746,18.99433135986328,0,
747,18.24665069580078,0,
748,18.263816833496094,0,
749,18.751144409179688,0,
750,18.43738555908203,0,
751,18.624544143676758,0,
752,19.31929588317871,0,
753,19.791126251220703,0,
754,20.442962646484375,0,
755,19.365549087524414,0,
756,19.704818725585938,0,
757,20.07746696472168,0,
758,18.28742027282715,0,
759,18.205642700195312,0,
760,18.285751342773438,0,
761,18.503665924072266,0,
762,19.225120544433594,0,
763,18.93138885498047,0,
764,19.107341766357422,0,
765,20.88642120361328,0,
766,19.104957580566406,0,
767,18.767118453979492,0,
768,20.204544067382812,0,
769,19.154071807861328,0,
770,18.127918243408203,0,
771,18.811941146850586,0,
772,18.97120475769043,0,
773,18.846511840820312,0,
774,19.161462783813477,0,
775,21.03447914123535,0,
776,20.121097564697266,0,
777,19.669771194458008,0,
778,19.05226707458496,0,
779,18.741846084594727,0,
780,18.332958221435547,0,
781,18.842697143554688,0,
782,18.886804580688477,0,
783,19.004344940185547,0,
784,18.978357315063477,0,
785,19.374370574951172,0,
786,21.250486373901367,0,
787,20.012617111206055,0,
788,19.374370574951172,0,
789,18.878459930419922,0,
790,18.68271827697754,0,
791,18.731117248535156,0,
792,18.766403198242188,0,
793,19.371509552001953,0,
794,19.089460372924805,0,
795,19.08254623413086,0,
796,21.1484432220459,0,
797,19.9282169342041,0,
798,19.975900650024414,0,
799,18.830299377441406,0,
800,18.64790916442871,0,
801,18.44024658203125,0,
802,18.503427505493164,0,
803,18.517494201660156,0,
804,18.678903579711914,0,
805,18.7227725982666,0,
806,18.83983612060547,0,
807,20.047426223754883,0,
808,18.928050994873047,0,
809,18.883466720581055,0,
810,20.80512046813965,0,
811,20.00713348388672,0,
812,19.950389862060547,0,
813,18.424510955810547,0,
814,18.42331886291504,0,
815,18.523693084716797,0,
816,18.64790916442871,0,
817,18.989086151123047,0,
818,19.369840621948242,0,
819,19.641637802124023,0,
820,19.3026065826416,0,
821,19.17743682861328,0,
822,18.167972564697266,0,
823,18.496274948120117,0,
824,18.274307250976562,0,
825,18.38207244873047,0,
826,18.4938907623291,0,
827,18.842458724975586,0,
828,19.341468811035156,1,baseball bat
829,18.871068954467773,0,
830,19.138097763061523,0,
831,18.961429595947266,0,
832,18.7375545501709,0,
833,18.229961395263672,0,
834,18.437862396240234,0,
835,18.31364631652832,0,
836,19.06585693359375,0,
837,19.135475158691406,0,
838,20.717859268188477,0,
839,20.066022872924805,0,
840,20.055532455444336,0,
841,19.71602439880371,0,
842,19.618988037109375,0,
843,18.36705207824707,0,
844,18.680810928344727,0,
845,19.112825393676758,0,
846,19.004344940185547,0,
847,18.625974655151367,0,
848,19.21367645263672,1,baseball bat
849,19.407033920288086,0,
850,19.00935173034668,0,
851,19.371986389160156,0,
852,21.358251571655273,0,
853,18.290996551513672,0,
854,18.442392349243164,0,
855,18.937349319458008,0,
856,18.538475036621094,0,
857,18.656253814697266,0,
858,18.73040199279785,0,
859,20.253658294677734,0,
860,18.982887268066406,0,
861,19.057273864746094,0,
862,20.111799240112305,0,
863,19.019365310668945,0,
864,18.593788146972656,0,
865,18.182754516601562,0,
866,18.291234970092773,0,
867,18.44334602355957,0,
868,20.192623138427734,1,frisbee
869,19.85478401184082,1,baseball bat
870,18.944263458251953,0,
871,19.262075424194336,0,
872,19.136667251586914,0,
873,18.950939178466797,0,
874,18.283843994140625,0,
875,18.22686195373535,0,
876,18.43881607055664,0,
877,18.686532974243164,0,
878,18.593788146972656,0,
879,19.136428833007812,1,baseball bat
880,20.239830017089844,1,baseball bat
881,19.109249114990234,0,
882,20.19333839416504,0,
883,19.306421279907227,0,
884,18.651247024536133,0,
885,18.467426300048828,0,
886,18.804550170898438,0,
887,18.93472671508789,0,
888,18.663883209228516,0,
889,18.557310104370117,0,
890,20.138978958129883,0,
891,18.82171630859375,0,
892,19.058942794799805,0,
893,19.14191246032715,0,
894,18.89324188232422,0,
895,18.668651580810547,0,
896,18.58353614807129,0,
897,18.718957901000977,0,
898,18.555641174316406,0,
899,18.42951774597168,0,
900,19.62566375732422,0,
901,21.228313446044922,0,
902,19.76633071899414,0,
903,19.93417739868164,0,
904,18.930673599243164,0,
905,19.384145736694336,0,
906,19.077777862548828,0,
907,18.305540084838867,0,
908,18.2187557220459,0,
909,18.338680267333984,0,
910,18.42522621154785,0,
911,20.099163055419922,0,
912,18.491268157958984,0,
913,18.727540969848633,0,
914,19.00339126586914,0,
915,18.900394439697266,0,
916,18.83721351623535,0,
917,18.71967315673828,0,
918,18.10479164123535,0,
919,18.45574378967285,0,
920,18.9359188079834,0,
921,19.245147705078125,0,
922,19.198894500732422,0,
923,19.4089412689209,0,
924,18.657684326171875,0,
925,20.194053649902344,0,
926,18.74518394470215,0,
927,18.497228622436523,0,
928,18.28169822692871,0,
929,18.31507682800293,0,
930,18.136978149414062,0,
931,18.290281295776367,0,
932,19.193649291992188,0,
933,18.53203773498535,0,
934,18.635988235473633,0,
935,19.757986068725586,0,
936,19.069671630859375,0,
937,18.701553344726562,0,
938,18.57900619506836,0,
939,18.341779708862305,0,
940,18.419504165649414,0,
941,18.170833587646484,0,
942,19.18768882751465,0,
943,19.017696380615234,0,
944,18.41449737548828,0,
945,18.691301345825195,0,
946,19.201993942260742,0,
947,21.70109748840332,0,
948,18.85199546813965,0,
949,18.730640411376953,0,
950,18.772602081298828,0,
951,18.2037353515625,0,
952,18.552303314208984,0,
953,19.83022689819336,0,
954,18.44310760498047,0,
955,18.661975860595703,0,
956,18.37754249572754,0,
957,18.558979034423828,0,
958,18.909454345703125,0,
959,18.574237823486328,0,
960,18.563032150268555,0,
961,18.23592185974121,0,
962,18.17798614501953,0,
963,18.819332122802734,0,
964,18.607616424560547,0,
965,18.17798614501953,0,
966,18.08452606201172,0,
967,18.19300651550293,0,
968,18.852949142456055,0,
969,19.15264129638672,0,
970,19.08111572265625,0,
971,18.932580947875977,0,
972,18.498659133911133,0,
973,18.61739158630371,0,
974,19.59705352783203,0,
975,18.686771392822266,0,
976,18.440723419189453,0,
977,18.546342849731445,0,
978,18.44620704650879,0,
979,19.830703735351562,0,
980,18.326997756958008,0,
981,18.708229064941406,0,
982,19.028663635253906,0,
983,19.198894500732422,0,
984,20.096540451049805,0,
985,18.779993057250977,0,
986,18.51820945739746,0,
987,18.723249435424805,0,
988,18.835783004760742,0,
989,18.56541633605957,0,
990,18.476247787475586,0,
991,18.647193908691406,0,
992,19.451141357421875,0,
993,19.034385681152344,0,
994,18.878698348999023,0,
995,20.47419548034668,0,
996,18.500804901123047,0,
997,18.529176712036133,0,
998,18.645048141479492,0,
999,18.58377456665039,0,
1000,19.472122192382812,0,
1001,18.767833709716797,0,
1002,19.06108856201172,0,
1003,19.20914649963379,0,
1004,19.571304321289062,1,baseball bat
1005,19.797801971435547,0,
1006,20.03765106201172,0,
1007,18.615007400512695,0,
1008,18.281936645507812,0,
1009,18.274784088134766,0,
1010,18.645763397216797,0,
1011,18.715620040893555,0,
1012,18.791675567626953,0,
1013,18.628358840942383,0,
1014,19.1652774810791,1,baseball bat
1015,19.49310302734375,0,
1016,18.741130828857422,0,
1017,18.836498260498047,0,
1018,18.903732299804688,0,
1019,18.611907958984375,0,
1020,18.480300903320312,0,
1021,18.6767578125,0,
1022,18.661022186279297,0,
1023,18.512964248657227,0,
1024,18.647193908691406,0,
1025,18.646955490112305,0,
1026,20.132780075073242,0,
1027,18.84007453918457,0,
1028,18.61429214477539,0,
1029,19.008874893188477,0,
1030,18.408775329589844,0,
1031,19.043684005737305,0,
1032,18.901348114013672,0,
1033,18.671274185180664,0,
1034,18.960952758789062,0,
1035,18.93329620361328,0,
1036,19.622325897216797,0,
1037,19.022703170776367,0,
1038,18.966197967529297,0,
1039,18.815279006958008,0,
1040,19.113540649414062,0,
1041,18.451452255249023,0,
1042,18.605947494506836,0,
1043,18.439531326293945,0,
1044,18.9206600189209,0,
1045,18.619537353515625,0,
1046,19.906044006347656,0,
1047,19.490718841552734,0,
1048,19.164562225341797,0,
1049,18.662214279174805,0,
1050,18.67985725402832,0,
1051,18.59450340270996,0,
1052,18.544435501098633,0,
1053,18.38541030883789,0,
1054,18.37158203125,0,
1055,18.7227725982666,0,
1056,18.544673919677734,0,
1057,20.978450775146484,0,
1058,19.205331802368164,0,
1059,19.165754318237305,0,
1060,18.959522247314453,0,
1061,18.779993057250977,0,
1062,18.45073699951172,0,
1063,18.08762550354004,0,
1064,18.347740173339844,0,
1065,18.34249496459961,0,
1066,18.686771392822266,0,
1067,18.65243911743164,0,
1068,18.795251846313477,0,
1069,18.816709518432617,0,
1070,18.754005432128906,0,
1071,19.253969192504883,0,
1072,18.738508224487305,0,
1073,18.538713455200195,0,
1074,18.27073097229004,0,
1075,18.328189849853516,0,
1076,18.404722213745117,0,
1077,18.604755401611328,0,
1078,19.8209285736084,0,
1079,19.069194793701172,0,
1080,18.849849700927734,0,
1081,18.92375946044922,0,
1082,19.168853759765625,0,
1083,18.976688385009766,0,
1084,18.805742263793945,0,
1085,18.434524536132812,0,
1086,18.31197738647461,0,
1087,18.49651336669922,0,
1088,19.725322723388672,0,
1089,18.831729888916016,0,
1090,18.799304962158203,0,
1091,19.278526306152344,0,
1092,19.663095474243164,0,
1093,18.9664363861084,0,
1094,19.54054832458496,0,
1095,19.29450035095215,0,
1096,19.616127014160156,0,
1097,18.780946731567383,0,
1098,18.697023391723633,0,
1099,18.57781410217285,0,
1100,18.952131271362305,0,
1101,18.86153221130371,0,
1102,19.095897674560547,0,
1103,19.814252853393555,1,baseball bat
1104,19.066333770751953,0,
1105,18.918275833129883,0,
1106,18.639087677001953,0,
1107,18.629789352416992,0,
1108,18.55754852294922,0,
1109,19.881486892700195,0,
1110,18.593788146972656,0,
1111,18.6460018157959,0,
1112,18.576860427856445,0,
1113,18.74566078186035,0,
1114,19.375324249267578,0,
1115,20.80512046813965,1,baseball bat
1116,19.0274715423584,0,
1117,18.73636245727539,0,
1118,19.867420196533203,0,
1119,19.678592681884766,0,
1120,18.42188835144043,0,
1121,18.399715423583984,0,
1122,18.25428009033203,0,
1123,18.479585647583008,0,
1124,18.49055290222168,0,
1125,18.94688606262207,0,
1126,18.710851669311523,0,
1127,18.98479461669922,0,
1128,19.052982330322266,0,
1129,21.167516708374023,0,
1130,20.433664321899414,0,
1131,18.677234649658203,0,
1132,18.60332489013672,0,
1133,18.439292907714844,0,
1134,18.393993377685547,0,
1135,18.47982406616211,0,
1136,18.5244083404541,0,
1137,18.82195472717285,0,
1138,19.216299057006836,1,skateboard
1139,19.923925399780273,0,
1140,21.265745162963867,0,
1141,18.8448429107666,0,
1142,18.94402503967285,0,
1143,18.681764602661133,0,
1144,18.729209899902344,0,
1145,20.112276077270508,0,
1146,18.7838077545166,0,
1147,18.891572952270508,0,
1148,18.500089645385742,0,
1149,19.251108169555664,0,
1150,19.90056037902832,0,
1151,18.990755081176758,0,
1152,18.674850463867188,0,
1153,18.74709129333496,0,
1154,18.648147583007812,0,
1155,18.40066909790039,0,
1156,18.32294464111328,0,
1157,18.558740615844727,0,
1158,18.571138381958008,0,
1159,18.829822540283203,0,
1160,19.046545028686523,0,
1161,20.50018310546875,0,
1162,18.718481063842773,0,
1163,19.28877830505371,0,
1164,18.906593322753906,0,
1165,18.907546997070312,0,
1166,18.62788200378418,0,
1167,18.332242965698242,0,
1168,18.447160720825195,0,
1169,18.470287322998047,0,
1170,18.42045783996582,0,
1171,19.581317901611328,0,
1172,20.344972610473633,0,
1173,19.273757934570312,0,
1174,19.203662872314453,0,
1175,18.836021423339844,0,
1176,19.052505493164062,0,
1177,18.965482711791992,0,
1178,19.788026809692383,0,
1179,18.531322479248047,0,
1180,18.590927124023438,0,
1181,19.162654876708984,0,
1182,18.741130828857422,0,
1183,18.132686614990234,0,
1184,18.61739158630371,0,
