timestamp,frame,min_distance_m,lateral_offset_m,point_count
101691.55257141031,2598879,4.331724166870117,-0.6164453029632568,1435
101691.6525714118,2598881,4.331739902496338,0.3090234398841858,1509
101691.70257141255,2598882,4.332093238830566,-0.30906248092651367,1396
101691.7525714133,2598883,4.332760334014893,1.514062523841858,1505
101691.80257141404,2598884,4.333622455596924,-1.9398436546325684,1415
101691.85257141478,2598885,4.334146499633789,1.940039038658142,1475
101691.90257141553,2598886,4.334775447845459,-1.9403125047683716,1473
101691.95257141627,2598887,4.335229873657227,1.9405077695846558,1425
101692.00257141702,2598888,4.3357014656066895,-1.9407421350479126,1444
101692.05257141776,2598889,4.336033344268799,1.9409373998641968,1470
101692.10257141851,2598890,4.336329936981201,-1.941015601158142,1460
101692.15257141925,2598891,4.336577415466309,1.8014843463897705,1494
101692.20257142,2598892,4.336958408355713,-1.2218358516693115,1425
101692.25257142074,2598893,4.336892604827881,1.801601529121399,1487
101692.30257142149,2598894,4.33714485168457,-1.515663981437683,1359
101692.35257142223,2598895,4.337224006652832,1.8017578125,1496
101692.40257142298,2598896,4.337302207946777,-1.6598047018051147,1388
101692.45257142372,2598897,4.337238311767578,1.94140625,1467
101692.50257142447,2598898,4.3372039794921875,-1.94140625,1421
101692.55257142521,2598899,4.337203502655029,1.9413671493530273,1488
101692.60257142596,2598900,4.337116241455078,-1.9413280487060547,1385
101692.6525714267,2598901,4.33699369430542,1.9413671493530273,1448
101692.70257142745,2598902,4.336989402770996,-1.5155858993530273,1415
101692.7525714282,2598903,4.336697101593018,1.9411327838897705,1526
101692.80257142894,2598904,4.336679458618164,-1.9411718845367432,1420
101692.85257142968,2598905,4.336714267730713,1.9411718845367432,1486
101692.90257143043,2598906,4.336679458618164,-1.9411718845367432,1424
101692.95257143117,2598907,4.336771011352539,1.8015234470367432,1478
101693.00257143192,2598908,4.336716651916504,-1.8015624284744263,1430
101693.05257143266,2598909,4.3367180824279785,1.8015234470367432,1484
101693.10257143341,2598910,4.336627006530762,-1.9410936832427979,1443
101693.15257143416,2598911,4.336627006530762,1.9411718845367432,1435
101693.2025714349,2598912,4.33666467666626,-1.8015234470367432,1372
101693.25257143565,2598913,4.336577415466309,1.8014843463897705,1493
101693.30257143639,2598914,4.336619853973389,-1.6595312356948853,1437
101693.35257143714,2598915,4.336400032043457,1.941015601158142,1487
101693.40257143788,2598916,4.336382865905762,-1.9410547018051147,1421
101693.45257143863,2598917,4.336369037628174,1.801367163658142,1498
101693.50257143937,2598918,4.336297988891602,-1.801367163658142,1435
101693.55257144012,2598919,4.336262226104736,1.801367163658142,1487
101693.60257144086,2598920,4.336527347564697,-1.8014062643051147,1438
101693.6525714416,2598921,4.336452484130859,1.9410936832427979,1473
101693.70257144235,2598922,4.335786819458008,-1.515234351158142,1433
101693.7525714431,2598923,4.334897518157959,1.9403514862060547,1494
101693.80257144384,2598924,4.334465980529785,-1.6587109565734863,1417
101693.85257144459,2598925,4.334259986877441,1.368749976158142,1478
101693.90257144533,2598926,4.334164142608643,-1.940039038658142,1408
101693.95257144608,2598927,4.334216117858887,1.940039038658142,1501
101694.00257144682,2598928,4.33435583114624,-1.9401171207427979,1431
101694.05257144757,2598929,4.33451509475708,1.800624966621399,1456
101694.10257144831,2598930,4.334618091583252,-1.9402343034744263,1394
101694.15257144906,2598931,4.334799289703369,1.6588281393051147,1440
101694.2025714498,2598932,4.334967613220215,-1.8008593320846558,1459
101694.25257145055,2598933,4.335078716278076,1.6589453220367432,1443
101694.30257145129,2598934,4.335142135620117,-1.940468668937683,1426
101694.35257145204,2598935,4.3352131843566895,1.8009374141693115,1485
101694.40257145278,2598936,4.335247039794922,-1.9405077695846558,1430
101694.45257145353,2598937,4.335299491882324,1.9405468702316284,1435
101694.50257145427,2598938,4.335371971130371,-1.8009765148162842,1431
101694.55257145502,2598939,4.335389614105225,1.8009765148162842,1478
101694.60257145576,2598940,4.335386753082275,-1.9405858516693115,1408
101694.6525714565,2598941,4.335460186004639,1.6591405868530273,1475
101694.70257145725,2598942,4.335403919219971,-1.9406249523162842,1447
101694.752571458,2598943,4.335423469543457,1.8010156154632568,1435
101694.80257145874,2598944,4.335386753082275,-1.9405858516693115,1434
101694.85257145949,2598945,4.335386753082275,1.9406249523162842,1455
101694.90257146023,2598946,4.335636138916016,-0.3092968761920929,1434
101694.95257146098,2598947,4.335351943969727,1.9405858516693115,1461
101695.00257146172,2598948,4.335355281829834,-1.8009374141693115,1375
101695.05257146247,2598949,4.335352420806885,1.8010156154632568,1416
101695.10257146321,2598950,4.3353166580200195,-1.9405468702316284,1435
101695.15257146396,2598951,4.335391044616699,1.6591014862060547,1507
101695.2025714647,2598952,4.3353376388549805,-1.8009374141693115,1437
101695.25257146545,2598953,4.335264682769775,1.9405077695846558,1443
101695.30257146619,2598954,4.3352861404418945,-1.8008984327316284,1360
101695.35257146694,2598955,4.335284233093262,1.8009374141693115,1397
101695.40257146768,2598956,4.335284233093262,-1.8009374141693115,1419
101695.45257146843,2598957,4.335212230682373,1.9405077695846558,1463
101695.50257146917,2598958,4.3351945877075195,-1.9405077695846558,1444
101695.55257146992,2598959,4.335247039794922,1.9405468702316284,1419
101695.60257147066,2598960,4.335142135620117,-1.9404296875,1454
101695.65257147141,2598961,4.3352131843566895,1.8009374141693115,1456
101695.70257147215,2598962,4.335054874420166,-1.9404296875,1432
101695.7525714729,2598963,4.335264682769775,1.9405858516693115,1470
101695.80257147364,2598964,4.335002422332764,-1.9404296875,1427
101695.85257147439,2598965,4.335312366485596,3.9062499126885086e-05,1446
101695.90257147513,2598966,4.33486270904541,-1.9403125047683716,1444
101695.95257147588,2598967,4.335273265838623,0.0,1458
101696.00257147662,2598968,4.334810256958008,-1.9403514862060547,1460
101696.05257147737,2598969,4.335292816162109,-3.9062499126885086e-05,1478
101696.10257147811,2598970,4.334670543670654,-1.940273404121399,1445
101696.15257147886,2598971,4.33523416519165,3.9062499126885086e-05,1425
101696.2025714796,2598972,4.33456563949585,-1.9402343034744263,1399
101696.25257148035,2598973,4.335175514221191,-3.9062499126885086e-05,1426
101696.3025714811,2598974,4.3346662521362305,-1.5148046016693115,1477
101696.35257148184,2598975,4.335175514221191,0.0,1464
101696.40257148258,2598976,4.3344807624816895,-1.8005858659744263,1440
101696.45257148333,2598977,4.335116863250732,0.0,1435
101696.50257148407,2598978,4.334286212921143,-1.9401171207427979,1415
101696.55257148482,2598979,4.33512544631958,0.1547265648841858,1456
101696.60257148556,2598980,4.334198951721191,-1.9400781393051147,1459
101696.65257148631,2598981,4.335058689117432,-3.9062499126885086e-05,1454
101696.70257148705,2598982,4.334237098693848,-1.658632755279541,1429
101696.7525714878,2598983,4.335168838500977,0.3092968761920929,1418
101696.80257148854,2598984,4.33393669128418,-1.9399218559265137,1396
101696.85257148929,2598985,4.334980487823486,-3.9062499126885086e-05,1432
101696.90257149003,2598986,4.334044456481934,-1.6585546731948853,1443
101696.95257149078,2598987,4.335047245025635,0.1547265648841858,1409
101697.00257149152,2598988,4.333744525909424,-1.939882755279541,1422
101697.05257149227,2598989,4.334921836853027,0.0,1403
101697.10257149301,2598990,4.333517551422119,-1.9397655725479126,1410
101697.15257149376,2598991,4.334902286529541,3.9062499126885086e-05,1417
101697.2025714945,2598992,4.333377838134766,-1.9396874904632568,1464
101697.25257149525,2598993,4.335087776184082,0.3092578053474426,1451
101697.302571496,2598994,4.333325386047363,-1.9396874904632568,1400
101697.35257149674,2598995,4.334863185882568,-3.9062499126885086e-05,1452
101697.40257149749,2598996,4.333343029022217,-1.9396874904632568,1451
101697.45257149823,2598997,4.334910869598389,0.1547265648841858,1411
101697.50257149898,2598998,4.333272933959961,-1.9396483898162842,1444
101697.55257149972,2598999,4.334889888763428,0.15468749403953552,1420
101697.60257150047,2599000,4.333289623260498,-1.8001562356948853,1395
101697.65257150121,2599001,4.335135459899902,0.4634374976158142,1383
101697.70257150196,2599002,4.333098888397217,-1.8000390529632568,1504
101697.7525715027,2599003,4.33474588394165,-3.9062499126885086e-05,1397
101697.80257150345,2599004,4.332958221435547,-1.939492106437683,1426
101697.85257150419,2599005,4.335111618041992,0.46339842677116394,1422
101697.90257150494,2599006,4.333804130554199,-1.0717968940734863,1449
101697.95257150568,2599007,4.334687232971191,0.0,1432
101698.00257150643,2599008,4.332941055297852,-1.939492106437683,1413
101698.05257150717,2599009,4.334628582000732,3.9062499126885086e-05,1399
101698.10257150792,2599010,4.332837104797363,-1.7999218702316284,1478
101698.15257150866,2599011,4.334948539733887,0.30921873450279236,1407
101698.2025715094,2599012,4.332643985748291,-1.9393359422683716,1465
101698.25257151015,2599013,4.334609508514404,0.0,1389
101698.3025715109,2599014,4.3326616287231445,-1.9393749237060547,1480
101698.35257151164,2599015,4.334715366363525,0.1547265648841858,1393
101698.40257151239,2599016,4.33267879486084,-1.9393749237060547,1442
101698.45257151313,2599017,4.334715366363525,0.1547265648841858,1386
101698.50257151388,2599018,4.332696437835693,-1.7998827695846558,1414
101698.55257151462,2599019,4.334531307220459,0.0,1396
101698.60257151537,2599020,4.332399368286133,-1.9392577409744263,1433
101698.65257151611,2599021,4.334492206573486,-3.9062499126885086e-05,1407
101698.70257151686,2599022,4.332592964172363,-1.7998046875,1386
101698.7525715176,2599023,4.334637641906738,0.1547265648841858,1407
101698.80257151835,2599024,4.332767963409424,-1.658046841621399,1496
101698.85257151909,2599025,4.33447265625,-3.9062499126885086e-05,1380
101698.90257151984,2599026,4.33231258392334,-1.9392577409744263,1455
101698.95257152058,2599027,4.334335803985596,3.9062499126885086e-05,1410
101699.00257152133,2599028,4.332824230194092,-1.5141406059265137,1460
101699.05257152207,2599029,4.332617282867432,0.0,1389
101699.10257152282,2599030,4.330687046051025,-1.9384374618530273,1460
101699.15257152356,2599031,4.329668045043945,-3.9062499126885086e-05,1408
101699.2025715243,2599032,4.328250408172607,-0.9200390577316284,1483
101699.25257152505,2599033,4.327265739440918,3.9062499126885086e-05,1396
101699.3025715258,2599034,4.326365947723389,-0.46242186427116394,1423
101699.35257152654,2599035,4.325743675231934,0.15437500178813934,1376
101699.40257152729,2599036,4.325255393981934,-0.15437500178813934,1414
101699.45257152803,2599037,4.324882507324219,-3.9062499126885086e-05,1393
101699.50257152878,2599038,4.324741363525391,-0.4623046815395355,1446
101699.55257152952,2599039,4.324511528015137,-3.9062499126885086e-05,1407
101699.60257153027,2599040,4.3245320320129395,-0.15433593094348907,1466
101699.65257153101,2599041,4.3244948387146,0.15437500178813934,1418
101699.70257153176,2599042,4.324688911437988,-0.6155077815055847,1435
101699.7525715325,2599043,4.323398113250732,0.0,1362
101699.80257153325,2599044,4.317981719970703,-0.46156248450279236,1439
101699.852571534,2599045,4.312257766723633,0.1538671851158142,1367
101699.90257153474,2599046,4.307398796081543,-0.30726560950279236,1405
101699.95257153548,2599047,4.303534984588623,3.9062499126885086e-05,1387
101700.00257153623,2599048,4.303327560424805,-0.1535937488079071,1438
101700.05257153697,2599049,4.308193206787109,0.6131640672683716,1388
101700.10257153772,2599050,4.313276767730713,-0.15398436784744263,1415
101700.15257153846,2599051,4.317984580993652,0.15410156548023224,1413
101700.20257153921,2599052,4.3217573165893555,-0.15425780415534973,1426
101700.25257153995,2599053,4.324673175811768,0.30855467915534973,1390
101700.3025715407,2599054,4.326800346374512,-0.1544531285762787,1444
101700.35257154144,2599055,4.328433513641357,0.30882811546325684,1411
101700.40257154219,2599056,4.328433990478516,-0.46269530057907104,1414
101700.45257154293,2599057,4.328437328338623,3.9062499126885086e-05,1422
101700.50257154368,2599058,4.3284502029418945,-0.30878904461860657,1500
101700.55257154442,2599059,4.328433513641357,0.30882811546325684,1393
101700.60257154517,2599060,4.328419208526611,-0.15441405773162842,1495
101700.65257154591,2599061,4.328461170196533,0.15449218451976776,1393
101700.70257154666,2599062,4.328433990478516,-0.46269530057907104,1439
101700.7525715474,2599063,4.328433513641357,0.30882811546325684,1412
101700.80257154815,2599064,4.3284502029418945,-0.30878904461860657,1465
101700.8525715489,2599065,4.328433513641357,0.30882811546325684,1439
101700.90257154964,2599066,4.328433990478516,-0.46269530057907104,1397
101700.95257155038,2599067,4.329300880432129,0.46281248331069946,1384
101701.00257155113,2599068,4.329883575439453,-0.46281248331069946,1459
101701.05257155187,2599069,4.330662727355957,0.30894529819488525,1412
101701.10257155262,2599070,4.331428050994873,-0.3090234398841858,1458
101701.15257155336,2599071,4.332188129425049,1.2204687595367432,1407
101701.20257155411,2599072,4.333034992218018,-0.15468749403953552,1409
101701.25257155485,2599073,4.33318567276001,1.9396092891693115,1428
101701.3025715556,2599074,4.334245681762695,-0.15468749403953552,1422
101701.35257155634,2599075,4.333939552307129,1.8003515005111694,1385
101701.40257155709,2599076,4.334850788116455,-0.15468749403953552,1428
101701.45257155783,2599077,4.334409713745117,1.8005858659744263,1447
101701.50257155858,2599078,4.335263252258301,-0.15476562082767487,1414
101701.55257155932,2599079,4.334583282470703,1.8007030487060547,1398
101701.60257156007,2599080,4.335554599761963,-0.1547265648841858,1448
101701.65257156081,2599081,4.334530830383301,1.9402343034744263,1430
101701.70257156156,2599082,4.335555553436279,-0.3092578053474426,1438
101701.7525715623,2599083,4.3346428871154785,1.6587499380111694,1411
101701.80257156305,2599084,4.335611820220947,-0.15468749403953552,1434
101701.8525715638,2599085,4.334693908691406,1.658789038658142,1412
101701.90257156454,2599086,4.335897445678711,-0.4634765386581421,1463
101701.95257156529,2599087,4.334425926208496,1.9401562213897705,1377
101702.00257156603,2599088,4.335750102996826,-0.1547265648841858,1395
101702.05257156678,2599089,4.334479331970215,1.800624966621399,1349
101702.10257156752,2599090,4.335770606994629,-0.15476562082767487,1415
101702.15257156827,2599091,4.334181308746338,1.940039038658142,1459
101702.20257156901,2599092,4.3357696533203125,-0.1547265648841858,1463
101702.25257156976,2599093,4.334217548370361,1.8005077838897705,1441
101702.3025715705,2599094,4.335853099822998,-0.3093359172344208,1416
101702.35257157125,2599095,4.333919525146484,1.9399608373641968,1370
101702.40257157199,2599096,4.33577299118042,-0.3092968761920929,1414
101702.45257157274,2599097,4.333762168884277,1.939882755279541,1407
101702.50257157348,2599098,4.335632801055908,-0.1547265648841858,1482
101702.55257157423,2599099,4.333499908447266,1.9397655725479126,1391
101702.60257157497,2599100,4.335675239562988,-0.3092968761920929,1436
101702.65257157572,2599101,4.333343029022217,1.9396874904632568,1405
101702.70257157646,2599102,4.335636138916016,-0.3092968761920929,1468
101702.7525715772,2599103,4.333133220672607,1.9395703077316284,1408
101702.80257157795,2599104,4.3355584144592285,-0.3092968761920929,1496
101702.8525715787,2599105,4.332888603210449,1.939453125,1387
101702.90257157944,2599106,4.335809230804443,-0.6170312166213989,1482
101702.95257158019,2599107,4.3326263427734375,1.9393749237060547,1379
101703.00257158093,2599108,4.335223197937012,-0.1547265648841858,1454
101703.05257158168,2599109,4.332826614379883,1.6581053733825684,1456
101703.10257158242,2599110,4.335305213928223,-0.3092968761920929,1394
101703.15257158317,2599111,4.332400798797607,1.7997264862060547,1363
101703.20257158391,2599112,4.335303783416748,-0.30927732586860657,1415
101703.25257158466,2599113,4.331980228424072,1.9391015768051147,1428
101703.3025715854,2599114,4.335028171539307,-0.15474608540534973,1483
101703.35257158615,2599115,4.331980228424072,1.7995703220367432,1326
101703.40257158689,2599116,4.334909915924072,-0.15470702946186066,1493
101703.45257158764,2599117,4.33229398727417,1.5139843225479126,1408
101703.50257158838,2599118,4.335649013519287,-0.616992175579071,1420
101703.55257158913,2599119,4.331342697143555,1.9387694597244263,1345
101703.60257158987,2599120,4.334870338439941,-0.15468749403953552,1489
101703.65257159062,2599121,4.331141948699951,1.9387109279632568,1401
101703.70257159136,2599122,4.335110187530518,-0.3092968761920929,1411
101703.75257159211,2599123,4.330932140350342,1.9385546445846558,1367
101703.80257159285,2599124,4.334713935852051,-0.15468749403953552,1410
101703.8525715936,2599125,4.330652713775635,1.9384765625,1380
101703.90257159434,2599126,4.334715366363525,-0.1547265648841858,1474
101703.95257159509,2599127,4.3327226638793945,1.9394335746765137,1346
101704.00257159583,2599128,4.333011150360107,-1.9395312070846558,1444
101704.05257159658,2599129,4.334843635559082,1.9531249563442543e-05,1341
101704.10257159732,2599130,4.3310980796813965,-1.9386913776397705,1487
101704.15257159807,2599131,4.33549690246582,0.15474608540534973,1378
101704.20257159881,2599132,4.330766201019287,-1.9384959936141968,1440
101704.25257159956,2599133,4.336006164550781,0.3092968761920929,1346
101704.3025716003,2599134,4.330910682678223,-1.6573437452316284,1418
101704.35257160105,2599135,4.335195064544678,0.0,1390
101704.4025716018,2599136,4.332491874694824,-0.9209570288658142,1466
101704.45257160254,2599137,4.336557388305664,0.30937498807907104,1423
101704.50257160328,2599138,4.328381538391113,-1.9374608993530273,1454
101704.55257160403,2599139,4.334609508514404,0.0,1337
101704.60257160477,2599140,4.3273234367370605,-1.7975976467132568,1442
101704.65257160552,2599141,4.333593845367432,1.9531249563442543e-05,1334
101704.70257160626,2599142,4.325280666351318,-1.936074137687683,1419
101704.75257160701,2599143,4.333554744720459,-1.9531249563442543e-05,1384
101704.80257160775,2599144,4.3286848068237305,-1.7982226610183716,1491
101704.8525716085,2599145,4.333437442779541,0.0,1394
101704.90257160924,2599146,4.328902721405029,-1.7983202934265137,1409
101704.95257160999,2599147,4.334286212921143,0.30921873450279236,1423
101705.00257161073,2599148,4.328311443328857,-1.9374217987060547,1460
101705.05257161148,2599149,4.335353374481201,0.6169531345367432,1333
101705.10257161222,2599150,4.328224182128906,-1.9373828172683716,1369
101705.15257161297,2599151,4.333886623382568,0.0,1373
101705.20257161371,2599152,4.329569339752197,-1.5130468606948853,1440
101705.25257161446,2599153,4.334082126617432,3.9062499126885086e-05,1358
101705.3025716152,2599154,4.329507827758789,-1.656835913658142,1457
101705.35257161595,2599155,4.334296703338623,0.0,1393
101705.4025716167,2599156,4.329497814178467,-1.7985546588897705,1421
101705.45257161744,2599157,4.334793567657471,0.1547265648841858,1343
101705.50257161818,2599158,4.329674243927002,-1.9380077123641968,1453
101705.55257161893,2599159,4.334550857543945,0.0,1360
101705.60257161967,2599160,4.330268383026123,-1.9382811784744263,1427
101705.65257162042,2599161,4.335886478424072,0.6170312166213989,1347
101705.70257162116,2599162,4.330774784088135,-1.9385937452316284,1443
101705.75257162191,2599163,4.335519790649414,0.46339842677116394,1409
101705.80257162265,2599164,4.3312811851501465,-1.93874990940094,1484
101705.8525716234,2599165,4.334765434265137,0.0,1413
101705.90257162414,2599166,4.332359313964844,-1.6579687595367432,1393
101705.95257162489,2599167,4.334784984588623,0.0,1335
101706.00257162564,2599168,4.332487106323242,-1.939296841621399,1454
101706.05257162638,2599169,4.335064888000488,0.15468749403953552,1365
101706.10257162713,2599170,4.333045959472656,-1.9395312070846558,1463
101706.15257162787,2599171,4.335097789764404,0.0,1398
101706.20257162862,2599172,4.333606243133545,-1.800234317779541,1468
101706.25257162936,2599173,4.335214614868164,3.9062499126885086e-05,1366
101706.3025716301,2599174,4.333884239196777,-1.800390601158142,1435
101706.35257163085,2599175,4.335521697998047,0.3093359172344208,1386
101706.4025716316,2599176,4.333832263946533,-1.939882755279541,1433
101706.45257163234,2599177,4.335494518280029,0.15468749403953552,1369
101706.50257163309,2599178,4.333868503570557,-1.8003515005111694,1427
101706.55257163383,2599179,4.335630416870117,0.30921873450279236,1434
101706.60257163458,2599180,4.333805561065674,-1.9398436546325684,1459
101706.65257163532,2599181,4.335410118103027,0.0,1388
101706.70257163607,2599182,4.333973407745361,-1.800390601158142,1401
101706.75257163681,2599183,4.33544921875,0.0,1409
101706.80257163756,2599184,4.333991050720215,-1.800390601158142,1407
101706.8525716383,2599185,4.3354878425598145,0.15476562082767487,1365
101706.90257163905,2599186,4.334050178527832,-1.8004686832427979,1443
101706.95257163979,2599187,4.335380554199219,3.9062499126885086e-05,1372
101707.00257164054,2599188,4.3340325355529785,-1.8004686832427979,1434
101707.05257164128,2599189,4.335361003875732,-3.9062499126885086e-05,1399
101707.10257164203,2599190,4.333910942077637,-1.800390601158142,1420
101707.15257164277,2599191,4.335456848144531,0.1547265648841858,1345
101707.20257164352,2599192,4.333639621734619,-1.9397655725479126,1438
101707.25257164426,2599193,4.3354926109313965,0.3093359172344208,1401
101707.302571645,2599194,4.333683490753174,-1.9398436546325684,1397
101707.35257164575,2599195,4.33523416519165,0.0,1384
101707.4025716465,2599196,4.333718299865723,-1.9398436546325684,1408
101707.45257164724,2599197,4.335224628448486,-3.9062499126885086e-05,1407
101707.50257164799,2599198,4.3338165283203125,-1.8003125190734863,1429
101707.55257164873,2599199,4.335185527801514,3.9062499126885086e-05,1409
101707.60257164948,2599200,4.333909511566162,-1.6585546731948853,1415
101707.65257165022,2599201,4.335136413574219,-7.812499825377017e-05,1365
101707.70257165097,2599202,4.33354377746582,-1.93972647190094,1377
101707.75257165171,2599203,4.335126876831055,0.0,1421
101707.80257165246,2599204,4.3335795402526855,-1.800234317779541,1462
101707.8525716532,2599205,4.335087776184082,7.812499825377017e-05,1418
101707.90257165395,2599206,4.3334126472473145,-1.9396874904632568,1470
101707.95257165469,2599207,4.335165500640869,0.15476562082767487,1415
101708.00257165544,2599208,4.333456039428711,-1.93972647190094,1390
101708.05257165618,2599209,4.335135459899902,0.1547265648841858,1372
101708.10257165693,2599210,4.333613872528076,-1.8002734184265137,1414
101708.15257165767,2599211,4.33512544631958,0.1547265648841858,1360
101708.20257165842,2599212,4.3335280418396,-1.8001952171325684,1396
101708.25257165916,2599213,4.335076808929443,0.1547265648841858,1327
101708.30257165991,2599214,4.33336067199707,-1.8001562356948853,1422
101708.35257166065,2599215,4.335086345672607,0.1547265648841858,1398
101708.4025716614,2599216,4.333326816558838,-1.8001171350479126,1362
101708.45257166214,2599217,4.334902286529541,3.9062499126885086e-05,1390
101708.50257166289,2599218,4.333500862121582,-1.6583592891693115,1378
101708.55257166363,2599219,4.334872722625732,-3.9062499126885086e-05,1362
101708.60257166438,2599220,4.333203315734863,-1.9396092891693115,1423
101708.65257166512,2599221,4.334853649139404,3.9062499126885086e-05,1406
101708.70257166587,2599222,4.333309173583984,-1.8001171350479126,1392
101708.75257166661,2599223,4.334949493408203,0.1547265648841858,1384
101708.80257166736,2599224,4.332984924316406,-1.9395312070846558,1388
101708.8525716681,2599225,4.334794998168945,0.0,1367
101708.90257166885,2599226,4.333098888397217,-1.8000390529632568,1403
101708.9525716696,2599227,4.334765434265137,-3.9062499126885086e-05,1358
101709.00257167034,2599228,4.333132743835449,-1.80007803440094,1346
101709.05257167108,2599229,4.334726333618164,0.0,1407
101709.10257167183,2599230,4.333098888397217,-1.8000390529632568,1413
101709.15257167257,2599231,4.335076808929443,0.4634374976158142,1375
101709.20257167332,2599232,4.333098888397217,-1.8000390529632568,1393
101709.25257167406,2599233,4.334706783294678,3.9062499126885086e-05,1389
101709.30257167481,2599234,4.332801342010498,-1.939453125,1386
101709.35257167555,2599235,4.334822654724121,0.1547265648841858,1436
101709.4025716763,2599236,4.332748889923096,-1.9393749237060547,1389
101709.45257167704,2599237,4.334628582000732,0.0,1351
101709.50257167779,2599238,4.332731246948242,-1.9394140243530273,1404
101709.55257167853,2599239,4.334648132324219,-3.9062499126885086e-05,1343
101709.60257167928,2599240,4.333025932312012,-1.658203125,1360
101709.65257168002,2599241,4.334713935852051,0.15468749403953552,1368
101709.70257168077,2599242,4.332635402679443,-1.9393749237060547,1408
101709.75257168151,2599243,4.334540843963623,0.0,1371
101709.80257168226,2599244,4.332521915435791,-1.939296841621399,1364
101709.852571683,2599245,4.334575176239014,0.0,1391
101709.90257168375,2599246,4.332851886749268,-1.6581249237060547,1373
101709.9525716845,2599247,4.335118293762207,0.6170312166213989,1393
101710.00257168524,2599248,4.332561016082764,-1.9393359422683716,1389
101710.05257168598,2599249,4.334638595581055,0.15476562082767487,1362
101710.10257168673,2599250,4.3325347900390625,-1.9393749237060547,1337
101710.15257168747,2599251,4.334477424621582,3.9062499126885086e-05,1370
101710.20257168822,2599252,4.3324875831604,-1.7997655868530273,1345
101710.25257168896,2599253,4.334616184234619,0.15468749403953552,1324
101710.30257168971,2599254,4.3323469161987305,-1.9392187595367432,1347
101710.35257169046,2599255,4.334438323974609,3.9062499126885086e-05,1368
101710.4025716912,2599256,4.33265495300293,-1.658046841621399,1368
101710.45257169195,2599257,4.334840774536133,0.46335935592651367,1429
101710.50257169269,2599258,4.3323163986206055,-1.9392187595367432,1371
101710.55257169344,2599259,4.334389686584473,0.0,1363
101710.60257169418,2599260,4.332242488861084,-1.9391796588897705,1361
101710.65257169493,2599261,4.334345817565918,0.0,1441
101710.70257169567,2599262,4.332137584686279,-1.9391015768051147,1290
101710.75257169642,2599263,4.334500789642334,0.1547265648841858,1407
101710.80257169716,2599264,4.332279205322266,-1.799648404121399,1287
101710.8525716979,2599265,4.334301471710205,0.0,1339
101710.90257169865,2599266,4.332141876220703,-1.9391796588897705,1305
101710.9525716994,2599267,4.334466457366943,0.1547265648841858,1399
101711.00257170014,2599268,4.332581996917725,-1.514101505279541,1322
101711.05257170089,2599269,4.334296703338623,0.0,1412
101711.10257170163,2599270,4.33198881149292,-1.9391405582427979,1304
101711.15257170238,2599271,4.334596157073975,0.3092578053474426,1359
101711.20257170312,2599272,4.331962585449219,-1.939062476158142,1330
101711.25257170387,2599273,4.334218502044678,0.0,1395
101711.30257170461,2599274,4.332006454467773,-1.9391015768051147,1350
101711.35257170536,2599275,4.334412574768066,0.1547265648841858,1345
101711.4025717061,2599276,4.331884384155273,-1.939062476158142,1338
101711.45257170685,2599277,4.334248065948486,3.9062499126885086e-05,1379
101711.50257170759,2599278,4.331840515136719,-1.9390233755111694,1313
101711.55257170834,2599279,4.334218502044678,0.0,1410
101711.60257170908,2599280,4.331831932067871,-1.9389842748641968,1295
101711.65257170983,2599281,4.334179401397705,0.0,1424
101711.70257171057,2599282,4.331831932067871,-1.9389842748641968,1289
101711.75257171132,2599283,4.334140300750732,0.0,1362
101711.80257171206,2599284,4.332032203674316,-1.7996093034744263,1261
101711.8525717128,2599285,4.334130764007568,-3.9062499126885086e-05,1403
101711.90257171355,2599286,4.331873893737793,-1.7995703220367432,1284
101711.9525717143,2599287,4.334305763244629,0.1547265648841858,1389
101712.00257171504,2599288,4.332211971282959,-1.5139062404632568,1308
101712.05257171579,2599289,4.334869861602783,0.6169531345367432,1383
101712.10257171653,2599290,4.331875324249268,-1.7995312213897705,1314
101712.15257171728,2599291,4.334101676940918,3.9062499126885086e-05,1392
101712.20257171802,2599292,4.331674575805664,-1.938906192779541,1263
101712.25257171877,2599293,4.334286212921143,0.1547265648841858,1421
101712.30257171951,2599294,4.331923007965088,-1.6577733755111694,1248
101712.35257172026,2599295,4.334062576293945,-3.9062499126885086e-05,1408
101712.402571721,2599296,4.331508159637451,-1.9388670921325684,1255
101712.45257172175,2599297,4.334052562713623,-3.9062499126885086e-05,1387
101712.50257172249,2599298,4.331552028656006,-1.9388670921325684,1264
101712.55257172324,2599299,4.334187030792236,0.15468749403953552,1382
101712.60257172398,2599300,4.331508159637451,-1.9388670921325684,1244
101712.65257172473,2599301,4.33401346206665,-3.9062499126885086e-05,1460
101712.70257172547,2599302,4.331794261932373,-1.6576952934265137,1283
101712.75257172622,2599303,4.334608554840088,0.4633203148841858,1411
101712.80257172696,2599304,4.331645965576172,-1.7994921207427979,1277
101712.85257172771,2599305,4.333993911743164,3.9062499126885086e-05,1401
101712.90257172845,2599306,4.3316240310668945,-1.7993749380111694,1255
101712.9525717292,2599307,4.333984375,0.0,1383
101713.00257172994,2599308,4.331386566162109,-1.9388281106948853,1271
101713.05257173069,2599309,4.333964824676514,-3.9062499126885086e-05,1382
101713.10257173143,2599310,4.331474304199219,-1.7993359565734863,1272
101713.15257173218,2599311,4.333915710449219,0.0,1370
101713.20257173292,2599312,4.331307411193848,-1.9387890100479126,1240
101713.25257173367,2599313,4.333954811096191,0.0,1398
101713.30257173441,2599314,4.3313164710998535,-1.9387890100479126,1220
101713.35257173516,2599315,4.333906173706055,-3.9062499126885086e-05,1390
101713.4025717359,2599316,4.3312811851501465,-1.93874990940094,1220
101713.45257173665,2599317,4.334354400634766,0.30921873450279236,1368
101713.5025717374,2599318,4.3314032554626465,-1.7993359565734863,1292
101713.55257173814,2599319,4.334949016571045,0.769726574420929,1416
101713.60257173888,2599320,4.331396102905273,-1.7992968559265137,1257
101713.65257173963,2599321,4.334723949432373,0.6168749928474426,1385
101713.70257174037,2599322,4.331446170806885,-1.7993749380111694,1241
101713.75257174112,2599323,4.333857536315918,0.0,1370
101713.80257174186,2599324,4.331106662750244,-1.9386718273162842,1182
101713.85257174261,2599325,4.334067344665527,0.15460936725139618,1367
101713.90257174335,2599326,4.331581115722656,-1.657656192779541,1256
101713.9525717441,2599327,4.333857536315918,3.9062499126885086e-05,1418
101714.00257174484,2599328,4.3311591148376465,-1.9387109279632568,1236
101714.05257174559,2599329,4.33424711227417,0.30921873450279236,1356
101714.10257174633,2599330,4.331736087799072,-1.5137499570846558,1202
101714.15257174708,2599331,4.333847522735596,-3.9062499126885086e-05,1410
101714.20257174782,2599332,4.331106662750244,-1.93874990940094,1145
101714.25257174857,2599333,4.334050178527832,0.15468749403953552,1405
101714.30257174931,2599334,4.3310017585754395,-1.9385937452316284,1185
101714.35257175006,2599335,4.33376932144165,0.0,1413
101714.4025717508,2599336,4.331045627593994,-1.9386327266693115,1180
101714.45257175155,2599337,4.333798885345459,3.9062499126885086e-05,1402
101714.5025717523,2599338,4.3310370445251465,-1.9386327266693115,1251
101714.55257175304,2599339,4.333808422088623,0.0,1404
101714.60257175379,2599340,4.3311591148376465,-1.7992186546325684,1197
101714.65257175453,2599341,4.334011077880859,0.15468749403953552,1424
101714.70257175528,2599342,4.331142902374268,-1.7991796731948853,1162
101714.75257175602,2599343,4.33376932144165,0.0,1370
101714.80257175677,2599344,4.332086563110352,-1.2205077409744263,1177
101714.85257175751,2599345,4.333970546722412,0.15464843809604645,1389
101714.90257175826,2599346,4.3311591148376465,-1.7992186546325684,1167
101714.952571759,2599347,4.333749771118164,0.0,1373
101715.00257175975,2599348,4.331068992614746,-1.799257755279541,1212
101715.05257176049,2599349,4.33376932144165,0.0,1356
101715.10257176124,2599350,4.330862522125244,-1.938515543937683,1143
101715.15257176198,2599351,4.333730220794678,0.0,1390
101715.20257176273,2599352,4.331544399261475,-1.513671875,1209
101715.25257176347,2599353,4.333788871765137,0.0,1381
101715.30257176422,2599354,4.330810070037842,-1.9385546445846558,1162
101715.35257176496,2599355,4.333730220794678,3.9062499126885086e-05,1362
101715.4025717657,2599356,4.330949306488037,-1.7991405725479126,1142
101715.45257176645,2599357,4.333710670471191,-3.9062499126885086e-05,1404
101715.5025717672,2599358,4.331036567687988,-1.7991796731948853,1152
101715.55257176794,2599359,4.333933353424072,0.15468749403953552,1337
101715.60257176869,2599360,4.330792427062988,-1.9385546445846558,1129
101715.65257176943,2599361,4.333652019500732,-3.9062499126885086e-05,1372
101715.70257177018,2599362,4.330722332000732,-1.9385546445846558,1164
101715.75257177092,2599363,4.3338942527771,0.15468749403953552,1396
101715.80257177167,2599364,4.330774784088135,-1.9385546445846558,1234
101715.85257177241,2599365,4.333730220794678,0.0,1386
101715.90257177316,2599366,4.33143424987793,-1.513671875,1178
101715.9525717739,2599367,4.333691120147705,0.0,1402
101716.00257177465,2599368,4.330898761749268,-1.7990624904632568,1213
101716.05257177539,2599369,4.333933353424072,0.15468749403953552,1406
101716.10257177614,2599370,4.332242012023926,-0.9208593368530273,1118
101716.15257177688,2599371,4.333671569824219,-7.812499825377017e-05,1355
101716.20257177763,2599372,4.330704689025879,-1.938515543937683,1185
101716.25257177837,2599373,4.334127902984619,0.3091796934604645,1388
101716.30257177912,2599374,4.330965518951416,-1.7991796731948853,1146
101716.35257177986,2599375,4.333671569824219,-3.9062499126885086e-05,1364
101716.4025717806,2599376,4.330617904663086,-1.9384765625,1168
101716.45257178135,2599377,4.333876132965088,0.1547265648841858,1363
101716.5025717821,2599378,4.330844402313232,-1.79910147190094,1138
101716.55257178284,2599379,4.333671569824219,0.0,1409
101716.60257178359,2599380,4.330652713775635,-1.9384374618530273,1210
101716.65257178433,2599381,4.333876132965088,0.1547265648841858,1360
101716.70257178508,2599382,4.331088066101074,-1.6573827266693115,1198
101716.75257178582,2599383,4.333613395690918,-7.812499825377017e-05,1365
101716.80257178657,2599384,4.330792427062988,-1.7990624904632568,1206
101716.85257178731,2599385,4.333834171295166,0.15464843809604645,1393
101716.90257178806,2599386,4.331542491912842,-1.3678905963897705,1172
101716.9525717888,2599387,4.333856582641602,0.1547265648841858,1398
101717.00257178955,2599388,4.330652713775635,-1.9384374618530273,1170
101717.0525717903,2599389,4.333574295043945,0.0,1401
101717.10257179104,2599390,4.330530166625977,-1.9384374618530273,1151
101717.15257179178,2599391,4.333574295043945,0.0,1409
101717.20257179253,2599392,4.33054780960083,-1.9384374618530273,1139
101717.25257179327,2599393,4.333813190460205,0.15460936725139618,1390
101717.30257179402,2599394,4.330844402313232,-1.79910147190094,1179
101717.35257179476,2599395,4.333776950836182,0.15468749403953552,1397
101717.40257179551,2599396,4.330530166625977,-1.9384374618530273,1144
101717.45257179625,2599397,4.334291934967041,0.46335935592651367,1376
101717.502571797,2599398,4.330477714538574,-1.9383983612060547,1219
101717.55257179774,2599399,4.333554744720459,-3.9062499126885086e-05,1426
101717.60257179849,2599400,4.330722808837891,-1.7990233898162842,1206
101717.65257179923,2599401,4.334063529968262,0.30910155177116394,1409
101717.70257179998,2599402,4.330582618713379,-1.9383983612060547,1178
101717.75257180072,2599403,4.333835601806641,0.15468749403953552,1392
101717.80257180147,2599404,4.330460548400879,-1.9383593797683716,1143
101717.85257180221,2599405,4.333574295043945,0.00011718749738065526,1395
101717.90257180296,2599406,4.330460548400879,-1.9384374618530273,1206
101717.9525718037,2599407,4.3343071937561035,0.4633203148841858,1361
101718.00257180445,2599408,4.330513000488281,-1.9383983612060547,1167
101718.0525718052,2599409,4.334007740020752,0.3091406226158142,1387
101718.10257180594,2599410,4.330460548400879,-1.9383983612060547,1163
101718.15257180668,2599411,4.333554744720459,-3.9062499126885086e-05,1384
101718.20257180743,2599412,4.331332683563232,-1.3678125143051147,1153
101718.25257180817,2599413,4.334331035614014,0.46335935592651367,1355
101718.30257180892,2599414,4.3309407234191895,-1.6574218273162842,1190
101718.35257180966,2599415,4.333779811859131,0.15476562082767487,1380
101718.40257181041,2599416,4.330530166625977,-1.9384374618530273,1165
101718.45257181115,2599417,4.333991050720215,0.3091796934604645,1376
101718.5025718119,2599418,4.330442905426025,-1.9383983612060547,1204
101718.55257181264,2599419,4.333554744720459,0.0,1384
101718.60257181339,2599420,4.330615997314453,-1.7990233898162842,1170
101718.65257181413,2599421,4.333776950836182,0.15468749403953552,1432
101718.70257181488,2599422,4.330477714538574,-1.9383983612060547,1180
101718.75257181562,2599423,4.333515644073486,7.812499825377017e-05,1394
101718.80257181637,2599424,4.330599784851074,-1.7989842891693115,1154
101718.85257181711,2599425,4.333776950836182,0.15468749403953552,1358
101718.90257181786,2599426,4.331307411193848,-1.3678514957427979,1157
101718.9525718186,2599427,4.333535194396973,-7.812499825377017e-05,1367
101719.00257181935,2599428,4.3306355476379395,-1.7989842891693115,1179
101719.0525718201,2599429,4.333535194396973,3.9062499126885086e-05,1367
101719.10257182084,2599430,4.330460548400879,-1.9383983612060547,1116
101719.15257182159,2599431,4.33349609375,0.0,1375
101719.20257182233,2599432,4.330355644226074,-1.9383593797683716,1193
101719.25257182308,2599433,4.333535194396973,0.0,1457
101719.30257182382,2599434,4.330355644226074,-1.9383593797683716,1131
101719.35257182457,2599435,4.334272861480713,0.46335935592651367,1383
101719.40257182531,2599436,4.330599784851074,-1.7989842891693115,1164
101719.45257182606,2599437,4.333515644073486,-3.9062499126885086e-05,1463
101719.5025718268,2599438,4.330808639526367,-1.657265543937683,1144
101719.55257182755,2599439,4.333757400512695,0.15468749403953552,1403
101719.60257182829,2599440,4.330718994140625,-1.657265543937683,1127
101719.65257182904,2599441,4.333698749542236,0.15468749403953552,1375
101719.70257182978,2599442,4.330355644226074,-1.9383983612060547,1186
101719.75257183053,2599443,4.333456993103027,0.0,1369
101719.80257183127,2599444,4.330408096313477,-1.9383593797683716,1127
101719.85257183202,2599445,4.333456993103027,-3.9062499126885086e-05,1384
101719.90257183276,2599446,4.330268383026123,-1.9382811784744263,1108
101719.9525718335,2599447,4.333456993103027,0.0,1444
101720.00257183425,2599448,4.330462455749512,-1.798867106437683,1119
101720.052571835,2599449,4.334195137023926,0.46335935592651367,1435
101720.10257183574,2599450,4.330408096313477,-1.9383593797683716,1120
101720.15257183649,2599451,4.333476543426514,0.0,1350
101720.20257183723,2599452,4.330530166625977,-1.9384374618530273,1178
101720.25257183798,2599453,4.333476543426514,3.9062499126885086e-05,1425
101720.30257183872,2599454,4.330931186676025,-1.7991405725479126,1152
101720.35257183947,2599455,4.333696365356445,0.15460936725139618,1429
101720.40257184021,2599456,4.331296920776367,-1.7993359565734863,1134
101720.45257184096,2599457,4.333678245544434,0.15464843809604645,1407
101720.5025718417,2599458,4.331368923187256,-1.9388281106948853,1138
101720.55257184245,2599459,4.3337578773498535,0.3091796934604645,1409
101720.60257184319,2599460,4.331630706787109,-1.9388670921325684,1202
101720.65257184394,2599461,4.333456993103027,0.0,1390
101720.70257184468,2599462,4.331858158111572,-1.9389842748641968,1124
101720.75257184543,2599463,4.33349609375,0.0,1380
101720.80257184617,2599464,4.332139015197754,-1.7996093034744263,1137
101720.85257184692,2599465,4.333561897277832,0.15468749403953552,1358
101720.90257184766,2599466,4.3323798179626465,-1.7998046875,1139
101720.95257184841,2599467,4.333598613739014,0.15460936725139618,1397
101721.00257184915,2599468,4.332559108734131,-1.7997655868530273,1166
101721.0525718499,2599469,4.333456993103027,0.0,1421
101721.10257185064,2599470,4.33255672454834,-1.9393749237060547,1142
101721.15257185139,2599471,4.333515644073486,0.0,1389
101721.20257185213,2599472,4.332766056060791,-1.7999218702316284,1110
101721.25257185288,2599473,4.333476543426514,0.0,1438
101721.30257185362,2599474,4.3327836990356445,-1.9393749237060547,1129
101721.35257185437,2599475,4.333603858947754,0.4632812440395355,1409
101721.40257185511,2599476,4.3328537940979,-1.939492106437683,1101
101721.45257185586,2599477,4.33360481262207,0.6167578101158142,1420
101721.5025718566,2599478,4.332941055297852,-1.939492106437683,1082
101721.55257185735,2599479,4.333523750305176,0.3091796934604645,1393
101721.6025718581,2599480,4.333029270172119,-1.7999999523162842,1169
101721.65257185884,2599481,4.333476543426514,-7.812499825377017e-05,1451
101721.70257185958,2599482,4.333098411560059,-1.658203125,1109
101721.75257186033,2599483,4.333437442779541,3.9062499126885086e-05,1410
101721.80257186107,2599484,4.333098411560059,-1.9395703077316284,1168
101721.85257186182,2599485,4.333456993103027,-3.9062499126885086e-05,1388
101721.90257186256,2599486,4.33318567276001,-1.9396483898162842,1167
101721.95257186331,2599487,4.333503723144531,0.15468749403953552,1414
101722.00257186405,2599488,4.333203315734863,-1.9396092891693115,1137
101722.0525718648,2599489,4.33348274230957,0.15464843809604645,1399
101722.10257186554,2599490,4.333220481872559,-1.9396483898162842,1088
101722.15257186629,2599491,4.333442687988281,0.15460936725139618,1461
101722.20257186703,2599492,4.333203315734863,-1.9396092891693115,1106
101722.25257186778,2599493,4.333476543426514,3.9062499126885086e-05,1394
101722.30257186852,2599494,4.333242416381836,-1.7999999523162842,1091
101722.35257186927,2599495,4.333417892456055,-3.9062499126885086e-05,1450
101722.40257187001,2599496,4.333255290985107,-1.9396092891693115,1058
101722.45257187076,2599497,4.3334431648254395,0.3091406226158142,1423
101722.5025718715,2599498,4.333274841308594,-1.80007803440094,1097
101722.55257187225,2599499,4.333484649658203,0.3091796934604645,1459
101722.602571873,2599500,4.3332905769348145,-1.9396092891693115,1107
101722.65257187374,2599501,4.333467960357666,0.30921873450279236,1441
101722.70257187448,2599502,4.333326816558838,-1.6582812070846558,1071
101722.75257187523,2599503,4.333425521850586,0.6167187094688416,1426
101722.80257187597,2599504,4.333359718322754,-1.6583203077316284,1147
101722.85257187672,2599505,4.333437442779541,3.9062499126885086e-05,1433
101722.90257187746,2599506,4.333381175994873,-0.6166796684265137,1092
101722.95257187821,2599507,4.3334641456604,0.9211328029632568,1369
101723.00257187895,2599508,4.333345890045166,-1.3684375286102295,1106
101723.0525718797,2599509,4.333425521850586,0.6167187094688416,1421
101723.10257188044,2599510,4.333349227905273,-1.0716406106948853,1086
101723.15257188119,2599511,4.3334269523620605,0.3091796934604645,1394
101723.20257188194,2599512,4.333343029022217,-1.9396483898162842,1131
101723.25257188268,2599513,4.333406925201416,0.3091796934604645,1415
101723.30257188343,2599514,4.333354949951172,-1.5142968893051147,1092
101723.35257188417,2599515,4.33342981338501,1.2208203077316284,1379
101723.40257188492,2599516,4.33336067199707,-1.9396874904632568,1122
101723.45257188566,2599517,4.3333868980407715,0.6167187094688416,1437
101723.5025718864,2599518,4.333366394042969,-1.658242106437683,1149
101723.55257188715,2599519,4.3334126472473145,1.9396874904632568,1397
101723.6025718879,2599520,4.33336067199707,-1.9396874904632568,1070
101723.65257188864,2599521,4.333395481109619,1.9396874904632568,1399
101723.70257188939,2599522,4.333385467529297,-1.2208592891693115,1132
101723.75257189013,2599523,4.333388328552246,0.1547265648841858,1393
101723.80257189088,2599524,4.333401679992676,-1.3684375286102295,1117
101723.85257189162,2599525,4.3334059715271,0.46324217319488525,1381
101723.90257189237,2599526,4.333395481109619,-1.9396874904632568,1086
101723.95257189311,2599527,4.333377838134766,0.4631640613079071,1389
101724.00257189386,2599528,4.3333916664123535,-1.5142968893051147,1137
101724.0525718946,2599529,4.333375453948975,0.6166406273841858,1390
101724.10257189535,2599530,4.33336067199707,-1.9396874904632568,1129
101724.15257189609,2599531,4.33336067199707,0.9210937023162842,1369
101724.20257189684,2599532,4.333385467529297,-1.2208592891693115,1124
101724.25257189758,2599533,4.333378791809082,-3.9062499126885086e-05,1400
101724.30257189833,2599534,4.333399295806885,-1.6582812070846558,1126
101724.35257189907,2599535,4.333407402038574,1.2209374904632568,1384
101724.40257189982,2599536,4.3333892822265625,-1.3685156106948853,1142
101724.45257190056,2599537,4.333377838134766,1.9396092891693115,1421
101724.5025719013,2599538,4.333361625671387,-0.6166796684265137,1159
101724.55257190205,2599539,4.3334059715271,1.0716406106948853,1366
101724.6025719028,2599540,4.333378791809082,-1.8001562356948853,1106
101724.65257190354,2599541,4.333377838134766,1.9396874904632568,1433
101724.70257190429,2599542,4.333339214324951,-0.9211718440055847,1091
101724.75257190503,2599543,4.333381175994873,1.6582812070846558,1402
101724.80257190578,2599544,4.333395481109619,-1.9396483898162842,1165
101724.85257190652,2599545,4.3333892822265625,1.3685156106948853,1427
101724.90257190727,2599546,4.3333892822265625,-1.3685156106948853,1131
101724.95257190801,2599547,4.333345890045166,1.3684375286102295,1404
101725.00257190876,2599548,4.333374500274658,-1.2208203077316284,1138
101725.0525719095,2599549,4.333385467529297,0.15464843809604645,1417
101725.10257191025,2599550,4.33336067199707,-1.9396483898162842,1125
101725.15257191099,2599551,4.333376884460449,1.3684765100479126,1473
101725.20257191174,2599552,4.333377838134766,-1.9396874904632568,1126
101725.25257191248,2599553,4.333355903625488,0.6166406273841858,1415
101725.30257191323,2599554,4.3333821296691895,-1.5143749713897705,1096
101725.35257191397,2599555,4.333387851715088,0.9211328029632568,1370
101725.40257191472,2599556,4.3333282470703125,-0.15468749403953552,1173
101725.45257191546,2599557,4.3333587646484375,0.7693749666213989,1380
101725.50257191621,2599558,4.333392143249512,-0.6167578101158142,1143
101725.55257191695,2599559,4.3333587646484375,0.7693749666213989,1415
101725.6025719177,2599560,4.333361625671387,-0.6166796684265137,1108
101725.65257191844,2599561,4.33330774307251,1.9396483898162842,1364
101725.70257191919,2599562,4.333374977111816,-1.6583592891693115,1088
101725.75257191993,2599563,4.333363056182861,1.6582812070846558,1411
101725.80257192068,2599564,4.333377361297607,-1.5144140720367432,1114
101725.85257192142,2599565,4.333377838134766,0.4631640613079071,1421
101725.90257192217,2599566,4.333355903625488,-0.4633203148841858,1103
101725.95257192291,2599567,4.333385467529297,0.15464843809604645,1370
101726.00257192366,2599568,4.333376884460449,-1.8001952171325684,1180
101726.0525719244,2599569,4.333367824554443,1.0716406106948853,1402
101726.10257192515,2599570,4.3333964347839355,-0.9211718440055847,1126
101726.1525719259,2599571,4.33336067199707,1.9396874904632568,1441
101726.20257192664,2599572,4.333377838134766,-1.93972647190094,1104
101726.25257192738,2599573,4.333363056182861,1.6582812070846558,1387
101726.30257192813,2599574,4.333374500274658,-1.2208203077316284,1100
101726.35257192887,2599575,4.333126068115234,0.30906248092651367,1385
101726.40257192962,2599576,4.333362579345703,-1.8001171350479126,1148
101726.45257193036,2599577,4.333336353302002,1.5142968893051147,1427
101726.50257193111,2599578,4.333309650421143,-0.3091796934604645,1167
101726.55257193185,2599579,4.3333587646484375,1.071679711341858,1374
101726.6025719326,2599580,4.333377838134766,-1.93972647190094,1159
101726.65257193334,2599581,4.3333845138549805,0.7694140672683716,1472
101726.70257193409,2599582,4.333338737487793,-1.6583592891693115,1138
101726.75257193483,2599583,4.3333587646484375,1.071679711341858,1447
101726.80257193558,2599584,4.333348751068115,-0.3091796934604645,1120
101726.85257193632,2599585,4.333344459533691,1.8001171350479126,1366
101726.90257193707,2599586,4.333341598510742,-0.9210937023162842,1118
101726.95257193781,2599587,4.33336067199707,1.9396874904632568,1415
101727.00257193856,2599588,4.33336067199707,-0.9210937023162842,1114
101727.0525719393,2599589,4.333385467529297,1.2208592891693115,1440
101727.10257194005,2599590,4.333349227905273,-1.0716406106948853,1161
101727.1525719408,2599591,4.333355903625488,0.6166406273841858,1421
101727.20257194154,2599592,4.333329677581787,-0.1547265648841858,1113
101727.25257194228,2599593,4.333358287811279,1.3684765100479126,1436
101727.30257194303,2599594,4.333385467529297,-0.9212109446525574,1125
101727.35257194377,2599595,4.333381652832031,1.2207812070846558,1444
101727.40257194452,2599596,4.333347320556641,-0.46324217319488525,1111
101727.45257194526,2599597,4.333377838134766,0.7693749666213989,1427
101727.50257194601,2599598,4.33335018157959,-1.5143358707427979,1113
101727.55257194676,2599599,4.3333916664123535,0.7694531083106995,1511
101727.6025719475,2599600,4.3333587646484375,-1.071679711341858,1123
101727.65257194825,2599601,4.33336067199707,0.9210937023162842,1452
101727.70257194899,2599602,4.333371162414551,-0.4632812440395355,1151
101727.75257194974,2599603,4.333343029022217,0.30910155177116394,1411
101727.80257195048,2599604,4.333360195159912,-1.9396092891693115,1161
101727.85257195123,2599605,4.333377838134766,0.7693749666213989,1391
101727.90257195197,2599606,4.333395481109619,-1.9396874904632568,1084
101727.95257195272,2599607,4.33330774307251,1.9396874904632568,1414
101728.00257195346,2599608,4.33336067199707,-1.8001562356948853,1102
101728.0525719542,2599609,4.333309173583984,1.8001171350479126,1422
101728.10257195495,2599610,4.3333868980407715,-1.658203125,1083
101728.1525719557,2599611,4.333286285400391,1.514257788658142,1443
101728.20257195644,2599612,4.333385467529297,-1.2208592891693115,1094
101728.25257195719,2599613,4.33335018157959,1.5143358707427979,1459
101728.30257195793,2599614,4.333354949951172,-1.5142968893051147,1134
101728.35257195868,2599615,4.333292484283447,1.80007803440094,1417
101728.40257195942,2599616,4.333385467529297,-0.15464843809604645,1065
101728.45257196017,2599617,4.333340167999268,0.30906248092651367,1398
101728.50257196091,2599618,4.333395957946777,-1.6583203077316284,1082
101728.55257196166,2599619,4.333362579345703,0.463203102350235,1455
101728.6025719624,2599620,4.333380222320557,-1.8001171350479126,1098
101728.65257196315,2599621,4.3333845138549805,0.3091406226158142,1372
101728.70257196389,2599622,4.333344459533691,-1.8001171350479126,1144
101728.75257196464,2599623,4.333347797393799,0.6167187094688416,1385
101728.80257196538,2599624,4.333359718322754,-1.514257788658142,1129
101728.85257196613,2599625,4.333398342132568,0.0,1386
101728.90257196687,2599626,4.333347797393799,-1.2208592891693115,1064
101728.95257196762,2599627,4.333367347717285,0.15468749403953552,1426
101729.00257196836,2599628,4.333376884460449,-1.3684765100479126,1143
101729.0525719691,2599629,4.333376884460449,1.3684765100479126,1405
101729.10257196985,2599630,4.333377838134766,-1.9396483898162842,1099
101729.1525719706,2599631,4.333398342132568,3.9062499126885086e-05,1397
101729.20257197134,2599632,4.333367347717285,-0.15468749403953552,1106
101729.25257197209,2599633,4.333378791809082,1.8001562356948853,1394
101729.30257197283,2599634,4.333328723907471,-0.6167187094688416,1125
101729.35257197358,2599635,4.33336067199707,0.9210937023162842,1413
101729.40257197432,2599636,4.3333845138549805,-0.7694140672683716,1131
101729.45257197507,2599637,4.333344459533691,1.8001171350479126,1453
101729.50257197581,2599638,4.333343029022217,-1.9396092891693115,1091
101729.55257197656,2599639,4.33335018157959,1.5143358707427979,1416
101729.6025719773,2599640,4.333395481109619,-1.9396874904632568,1134
101729.65257197805,2599641,4.33334493637085,1.6582812070846558,1454
101729.70257197879,2599642,4.333407878875732,-1.3683984279632568,1116
101729.75257197954,2599643,4.333400726318359,1.5143749713897705,1413
101729.80257198028,2599644,4.333400249481201,-0.6166796684265137,1129
101729.85257198103,2599645,4.333346366882324,1.80007803440094,1470
101729.90257198177,2599646,4.333383083343506,-1.3684375286102295,1111
101729.95257198252,2599647,4.3333964347839355,1.8001562356948853,1432
101730.00257198326,2599648,4.333367347717285,-0.6167187094688416,1115
101730.05257198401,2599649,4.333367347717285,0.6167187094688416,1459
101730.10257198475,2599650,4.3334126472473145,-1.93972647190094,1114
101730.1525719855,2599651,4.3333868980407715,0.6167187094688416,1433
101730.20257198624,2599652,4.333377838134766,-1.071679711341858,1110
101730.25257198699,2599653,4.333385467529297,1.2208592891693115,1392
101730.30257198773,2599654,4.333405017852783,-1.5143358707427979,1084
101730.35257198848,2599655,4.333326816558838,1.8001171350479126,1435
101730.40257198922,2599656,4.333404064178467,-0.7694140672683716,1122
101730.45257198997,2599657,4.333347320556641,0.46324217319488525,1479
101730.50257199071,2599658,4.333377838134766,-1.9396483898162842,1128
101730.55257199146,2599659,4.333329200744629,1.2208592891693115,1432
101730.6025719922,2599660,4.333339691162109,-0.6167968511581421,1111
101730.65257199295,2599661,4.333361625671387,0.6166796684265137,1429
101730.7025719937,2599662,4.333343029022217,-1.9396483898162842,1145
101730.75257199444,2599663,4.333359241485596,0.0,1434
101730.80257199518,2599664,4.333347320556641,-0.46324217319488525,1143
101730.85257199593,2599665,4.333343029022217,1.8001562356948853,1449
101730.90257199667,2599666,4.333329200744629,-0.3091796934604645,1141
101730.95257199742,2599667,4.333273410797119,1.8001171350479126,1421
101731.00257199816,2599668,4.33338737487793,-0.3091796934604645,1148
101731.05257199891,2599669,4.333308696746826,1.3684375286102295,1451
101731.10257199965,2599670,4.333385467529297,-0.15464843809604645,1150
101731.1525720004,2599671,4.333345890045166,1.3684375286102295,1446
101731.20257200114,2599672,4.333414077758789,-0.6166406273841858,1148
101731.25257200189,2599673,4.333309173583984,1.8001171350479126,1467
101731.30257200263,2599674,4.333377838134766,-0.7693749666213989,1150
101731.35257200338,2599675,4.333323955535889,1.6583203077316284,1417
101731.40257200412,2599676,4.333347320556641,-0.46324217319488525,1162
101731.45257200487,2599677,4.33330774307251,1.93972647190094,1494
101731.50257200561,2599678,4.333362579345703,-1.8001171350479126,1166
101731.55257200636,2599679,4.333311080932617,1.0716406106948853,1424
101731.6025720071,2599680,4.333366870880127,-0.46324217319488525,1186
101731.65257200785,2599681,4.333274841308594,1.80007803440094,1435
101731.7025720086,2599682,4.333368301391602,-0.3091796934604645,1168
101731.75257200934,2599683,4.3332905769348145,1.9396483898162842,1459
101731.80257201008,2599684,4.3333306312561035,-1.071718692779541,1161
101731.85257201083,2599685,4.33330774307251,1.9396483898162842,1478
101731.90257201158,2599686,4.333362579345703,-0.463203102350235,1143
101731.95257201232,2599687,4.333362579345703,0.463203102350235,1421
101732.00257201307,2599688,4.333377838134766,-1.9396483898162842,1154
101732.05257201381,2599689,4.33334493637085,1.6582812070846558,1399
101732.10257201456,2599690,4.333395481109619,-1.368593692779541,1127
101732.1525720153,2599691,4.333326816558838,1.6582812070846558,1461
101732.20257201605,2599692,4.333379745483398,-0.9210937023162842,1159
101732.25257201679,2599693,4.33335542678833,1.2208203077316284,1470
101732.30257201754,2599694,4.333372592926025,-0.7694531083106995,1144
101732.35257201828,2599695,4.333330154418945,1.0716406106948853,1434
101732.40257201903,2599696,4.33336877822876,-0.1547265648841858,1209
101732.45257201977,2599697,4.333374500274658,1.2208203077316284,1463
101732.50257202052,2599698,4.333375453948975,-0.6166406273841858,1129
101732.55257202126,2599699,4.33336067199707,1.9396874904632568,1429
101732.602572022,2599700,4.33336067199707,-1.9396874904632568,1150
101732.65257202275,2599701,4.333365440368652,0.3091406226158142,1402
101732.7025720235,2599702,4.333377838134766,-1.071679711341858,1139
101732.75257202424,2599703,4.333332061767578,1.5143358707427979,1400
101732.80257202499,2599704,4.33336067199707,-1.9396483898162842,1176
101732.85257202573,2599705,4.333377838134766,0.7693749666213989,1416
101732.90257202648,2599706,4.333323955535889,-0.463203102350235,1151
101732.95257202722,2599707,4.333308696746826,0.15468749403953552,1446
101733.00257202797,2599708,4.333403587341309,-1.2208592891693115,1178
101733.05257202871,2599709,4.333323955535889,0.463203102350235,1443
101733.10257202946,2599710,4.333343505859375,-0.463203102350235,1200
101733.1525720302,2599711,4.33333683013916,1.2208203077316284,1400
101733.20257203095,2599712,4.333346366882324,-0.15464843809604645,1197
101733.25257203169,2599713,4.3333587646484375,1.2208983898162842,1426
101733.30257203244,2599714,4.33336067199707,-1.9396874904632568,1214
101733.35257203318,2599715,4.333363056182861,1.6582812070846558,1386
101733.40257203393,2599716,4.333332538604736,-0.769335925579071,1187
101733.45257203467,2599717,4.33336067199707,1.9396874904632568,1475
101733.50257203542,2599718,4.333301544189453,-1.0716015100479126,1169
101733.55257203616,2599719,4.333301067352295,0.7693749666213989,1440
101733.6025720369,2599720,4.3333587646484375,-1.2208983898162842,1177
101733.65257203765,2599721,4.33336877822876,0.9211328029632568,1456
101733.7025720384,2599722,4.333377838134766,-0.4631640613079071,1209
101733.75257203914,2599723,4.333395481109619,1.3684765100479126,1458
101733.80257203989,2599724,4.33336877822876,-0.9211328029632568,1166
101733.85257204063,2599725,4.333363056182861,1.6582812070846558,1444
101733.90257204138,2599726,4.33336067199707,-1.9396874904632568,1207
101733.95257204212,2599727,4.333377838134766,0.7693749666213989,1471
101734.00257204287,2599728,4.333345890045166,-1.3684375286102295,1171
101734.05257204361,2599729,4.333377838134766,1.9396483898162842,1422
101734.10257204436,2599730,4.333345413208008,-1.5143749713897705,1202
101734.1525720451,2599731,4.333377838134766,1.6583203077316284,1421
101734.20257204585,2599732,4.333377838134766,-0.7693749666213989,1241
101734.2525720466,2599733,4.3333845138549805,0.3091406226158142,1454
101734.30257204734,2599734,4.333361625671387,-0.6166796684265137,1162
101734.35257204808,2599735,4.333343029022217,1.9396483898162842,1428
101734.40257204883,2599736,4.333345890045166,-1.3684375286102295,1200
101734.45257204957,2599737,4.333320140838623,3.9062499126885086e-05,1439
101734.50257205032,2599738,4.33333683013916,-1.2208203077316284,1177
101734.55257205106,2599739,4.333345890045166,0.3091406226158142,1461
101734.60257205181,2599740,4.333341598510742,-1.6583203077316284,1190
101734.65257205255,2599741,4.3333587646484375,1.2208983898162842,1423
101734.7025720533,2599742,4.333305835723877,-1.6583203077316284,1192
101734.75257205404,2599743,4.333393096923828,0.3092578053474426,1391
101734.80257205479,2599744,4.333134651184082,-1.8000390529632568,1189
101734.85257205553,2599745,4.333359241485596,-3.9062499126885086e-05,1432
101734.90257205628,2599746,4.33278226852417,-1.7999608516693115,1235
101734.95257205702,2599747,4.3336381912231445,0.6167187094688416,1388
101735.00257205777,2599748,4.332290172576904,-1.6579296588897705,1202
101735.05257205851,2599749,4.333359241485596,3.9062499126885086e-05,1432
101735.10257205926,2599750,4.331490993499756,-1.9388670921325684,1225
101735.15257206,2599751,4.333654403686523,0.30910155177116394,1406
101735.20257206075,2599752,4.330757141113281,-1.9385546445846558,1180
101735.2525720615,2599753,4.333359241485596,0.0,1416
101735.30257206224,2599754,4.330076217651367,-1.9382030963897705,1211
101735.35257206298,2599755,4.33328104019165,0.0,1437
101735.40257206373,2599756,4.329377174377441,-1.9378905296325684,1222
101735.45257206447,2599757,4.333359241485596,0.0,1398
101735.50257206522,2599758,4.328818321228027,-1.9376561641693115,1238
101735.55257206596,2599759,4.333320140838623,3.9062499126885086e-05,1394
101735.60257206671,2599760,4.32824182510376,-1.9373828172683716,1227
101735.65257206745,2599761,4.334598541259766,0.4633203148841858,1399
101735.7025720682,2599762,4.327403545379639,-1.9370702505111694,1222
101735.75257206894,2599763,4.33328104019165,3.9062499126885086e-05,1413
101735.80257206969,2599764,4.326824188232422,-1.7974218130111694,1249
101735.85257207043,2599765,4.336127758026123,0.7699218392372131,1379
101735.90257207118,2599766,4.326141834259033,-1.79714834690094,1239
101735.95257207192,2599767,4.33328104019165,-3.9062499126885086e-05,1427
101736.00257207267,2599768,4.326442718505859,-1.6556639671325684,1228
101736.05257207341,2599769,4.333202838897705,-7.812499825377017e-05,1371
101736.10257207416,2599770,4.328668594360352,-1.070468783378601,1264
101736.1525720749,2599771,4.333241939544678,3.9062499126885086e-05,1397
101736.20257207565,2599772,4.324521064758301,-1.9357812404632568,1240
101736.2525720764,2599773,4.333970546722412,0.15464843809604645,1406
101736.30257207714,2599774,4.32434606552124,-1.9356249570846558,1295
101736.35257207789,2599775,4.333241939544678,0.0,1369
101736.40257207863,2599776,4.324499607086182,-1.7964452505111694,1269
101736.45257207938,2599777,4.332343578338623,0.0,1372
101736.50257208012,2599778,4.323048114776611,-1.7958593368530273,1264
101736.55257208087,2599779,4.331132888793945,0.0,1400
101736.60257208161,2599780,4.321446418762207,-1.9343749284744263,1250
101736.65257208236,2599781,4.330937385559082,0.0,1401
101736.7025720831,2599782,4.322628021240234,-1.7957030534744263,1272
101736.75257208385,2599783,4.332148551940918,-3.9062499126885086e-05,1388
101736.80257208459,2599784,4.325198173522949,-1.5114843845367432,1258
101736.85257208534,2599785,4.333125114440918,0.0,1407
101736.90257208608,2599786,4.324286460876465,-1.7964452505111694,1302
101736.95257208683,2599787,4.333163738250732,3.9062499126885086e-05,1384
101737.00257208757,2599788,4.324832439422607,-1.6550390720367432,1273
101737.05257208832,2599789,4.333202838897705,0.0,1394
101737.10257208906,2599790,4.324047088623047,-1.7962108850479126,1323
101737.1525720898,2599791,4.334795951843262,0.3092578053474426,1394
101737.20257209055,2599792,4.323350429534912,-1.9351953268051147,1250
101737.2525720913,2599793,4.333163738250732,0.0,1363
101737.30257209204,2599794,4.324019432067871,-1.796230435371399,1275
101737.35257209279,2599795,4.333241939544678,1.9531249563442543e-05,1367
101737.40257209353,2599796,4.324158191680908,-1.7963085174560547,1297
101737.45257209428,2599797,4.333202838897705,1.9531249563442543e-05,1363
101737.50257209502,2599798,4.324051856994629,-1.7963085174560547,1291
101737.55257209577,2599799,4.334713459014893,0.3091992139816284,1342
101737.60257209651,2599800,4.323263168334961,-1.935156226158142,1330
101737.65257209726,2599801,4.333125114440918,-3.9062499126885086e-05,1349
101737.702572098,2599802,4.323114395141602,-1.9351366758346558,1315
101737.75257209875,2599803,4.333241939544678,1.9531249563442543e-05,1368
101737.80257209949,2599804,4.324716091156006,-1.6550195217132568,1297
101737.85257210024,2599805,4.334714889526367,0.30921873450279236,1345
101737.90257210098,2599806,4.323184490203857,-1.9351366758346558,1332
101737.95257210173,2599807,4.333775997161865,0.15464843809604645,1333
101738.00257210247,2599808,4.324016094207764,-1.7963085174560547,1319
101738.05257210322,2599809,4.331406116485596,1.9531249563442543e-05,1377
101738.10257210396,2599810,4.323361873626709,-1.7960156202316284,1348
101738.15257210471,2599811,4.330429553985596,1.9531249563442543e-05,1294
101738.20257210545,2599812,4.321236610412598,-1.9342968463897705,1374
101738.2525721062,2599813,4.309542655944824,0.15382811427116394,1325
101738.30257210694,2599814,4.285277843475342,-0.76087886095047,1371
101738.35257210769,2599815,4.261874675750732,-1.9531249563442543e-05,1328
101738.40257210843,2599816,4.252748966217041,-0.1517968773841858,1352
101738.45257210918,2599817,4.253509998321533,1.1983593702316284,1351
101738.50257210992,2599818,4.282024383544922,-0.15281249582767487,1388
101738.55257211067,2599819,4.29201078414917,1.4998828172683716,1378
101738.60257211141,2599820,4.330179691314697,-0.15453124046325684,1339
101738.65257211216,2599821,4.349758625030518,1.5200780630111694,1361
101738.7025721129,2599822,4.3567657470703125,-1.6672850847244263,1370
101738.75257211365,2599823,4.347973346710205,1.519472599029541,1362
101738.8025721144,2599824,4.350700378417969,-0.15525390207767487,1388
101738.85257211514,2599825,4.343437194824219,0.0,1345
101738.90257211588,2599826,4.327077388763428,-1.512148380279541,1390
101738.95257211663,2599827,4.335853099822998,0.3093359172344208,1350
101739.00257211737,2599828,4.323018550872803,-1.9350780248641968,1337
101739.05257211812,2599829,4.333867073059082,1.9531249563442543e-05,1343
101739.10257211886,2599830,4.323912620544434,-1.796230435371399,1377
101739.15257211961,2599831,4.333749771118164,1.9531249563442543e-05,1389
101739.20257212035,2599832,4.324102878570557,-1.7962597608566284,1347
101739.2525721211,2599833,4.333437442779541,0.0,1371
101739.30257212184,2599834,4.323228359222412,-1.935156226158142,1418
101739.35257212259,2599835,4.33416748046875,0.15468749403953552,1347
101739.40257212333,2599836,4.323798179626465,-1.7962108850479126,1402
101739.45257212408,2599837,4.335701942443848,0.4634667932987213,1338
101739.50257212482,2599838,4.325469017028809,-1.5116307735443115,1407
101739.55257212557,2599839,4.333320140838623,-9.765624781721272e-06,1362
101739.60257212631,2599840,4.323407173156738,-1.935244083404541,1409
101739.65257212706,2599841,4.3341288566589355,0.1546972692012787,1363
101739.7025721278,2599842,4.324765205383301,-1.6548632383346558,1438
101739.75257212855,2599843,4.333320140838623,1.9531249563442543e-05,1307
101739.8025721293,2599844,4.323568820953369,-1.9352929592132568,1377
101739.85257213004,2599845,4.333241939544678,-9.765624781721272e-06,1380
101739.90257213078,2599846,4.323420524597168,-1.9352734088897705,1419
101739.95257213153,2599847,4.338551998138428,0.3094824254512787,1401
101740.00257213227,2599848,4.3313307762146,-1.7993749380111694,1374
101740.05257213302,2599849,4.343398571014404,-9.765624781721272e-06,1362
101740.10257213376,2599850,4.336277961730957,-1.9409765005111694,1442
101740.15257213451,2599851,4.346900463104248,0.6186230182647705,1379
101740.20257213525,2599852,4.329951286315918,-1.9381591081619263,1387
101740.252572136,2599853,4.318376541137695,0.15413573384284973,1418
101740.30257213674,2599854,4.307692527770996,-1.789516568183899,1414
101740.35257213749,2599855,4.29812479019165,-4.882812390860636e-06,1359
101740.40257213823,2599856,4.289836883544922,-0.76165771484375,1398
101740.45257213898,2599857,4.293749809265137,-2.441406195430318e-06,1400
101740.50257213973,2599858,4.303888320922852,-1.504128336906433,1432
101740.55257214047,2599859,4.314921855926514,0.0,1389
101740.60257214122,2599860,4.32144832611084,-1.9343798160552979,1422
101740.65257214196,2599861,4.335053443908691,0.7697167992591858,1410
101740.7025721427,2599862,4.32744026184082,-1.9369970560073853,1366
101740.75257214345,2599863,4.329804420471191,0.0,1394
101740.8025721442,2599864,4.325741291046143,-1.655434489250183,1415
101740.85257214494,2599865,4.324413776397705,-2.441406195430318e-06,1446
101740.90257214569,2599866,4.320580005645752,-1.6534521579742432,1424
101740.95257214643,2599867,4.321674823760986,0.3082983195781708,1401
101741.00257214718,2599868,4.322831630706787,-1.934973120689392,1382
101741.05257214792,2599869,4.326952934265137,4.882812390860636e-06,1453
101741.10257214867,2599870,4.3288421630859375,-1.9376318454742432,1411
101741.15257214941,2599871,4.3310017585754395,0.15458007156848907,1420
101741.20257215016,2599872,4.328172206878662,-0.9200304746627808,1445
101741.2525721509,2599873,4.325546741485596,-2.441406195430318e-06,1432
101741.30257215165,2599874,4.322356224060059,-0.6151440143585205,1384
101741.35257215239,2599875,4.320722579956055,0.0,1369
101741.40257215314,2599876,4.322486877441406,-0.7674658298492432,1402
101741.45257215388,2599877,4.326241970062256,0.7681567072868347,1406
101741.50257215463,2599878,4.328484535217285,-1.6564733982086182,1419
101741.55257215537,2599879,4.331295013427734,0.15459716320037842,1419
101741.60257215612,2599880,4.329331874847412,-0.30885863304138184,1467
101741.65257215686,2599881,4.326679706573486,0.0,1430
101741.7025721576,2599882,4.323676586151123,-0.6153222322463989,1367
101741.75257215835,2599883,4.320898532867432,3.662109293145477e-06,1440
101741.8025721591,2599884,4.321683883666992,-0.6150414943695068,1410
101741.85257215984,2599885,4.324511528015137,4.882812390860636e-06,1391
101741.90257216059,2599886,4.327668190002441,-0.7683947682380676,1387
101741.95257216133,2599887,4.331152439117432,0.30898192524909973,1426
101742.00257216208,2599888,4.330408096313477,-0.3089233338832855,1366
101742.05257216282,2599889,4.327831745147705,0.0,1439
101742.10257216357,2599890,4.324878692626953,-0.4623144567012787,1454
101742.15257216431,2599891,4.321914196014404,2.441406195430318e-06,1402
101742.20257216506,2599892,4.321009635925293,-0.3082592785358429,1417
101742.2525721658,2599893,4.323320388793945,0.0,1376
101742.30257216655,2599894,4.326437950134277,-0.768176257610321,1403
101742.35257216729,2599895,4.329726696014404,-2.441406195430318e-06,1443
101742.40257216804,2599896,4.331194877624512,-0.6163964867591858,1455
101742.45257216878,2599897,4.329042911529541,0.0,1417
101742.50257216953,2599898,4.326237201690674,-0.3086303770542145,1395
101742.55257217027,2599899,4.323261737823486,2.441406195430318e-06,1444
101742.60257217102,2599900,4.320871829986572,-0.30824461579322815,1412
101742.65257217176,2599901,4.322167873382568,0.0,1459
101742.70257217251,2599902,4.325074672698975,-0.4623339772224426,1383
101742.75257217325,2599903,4.328391075134277,0.3087792992591858,1440
101742.802572174,2599904,4.331255912780762,-0.15459227561950684,1503
101742.85257217474,2599905,4.330195426940918,2.441406195430318e-06,1451
101742.90257217549,2599906,4.3275227546691895,-0.15446044504642487,1365
101742.95257217623,2599907,4.324609279632568,4.882812390860636e-06,1478
101743.00257217698,2599908,4.321675777435303,-0.30830809473991394,1438
101743.05257217772,2599909,4.321308135986328,0.1542407125234604,1488
101743.10257217847,2599910,4.323963165283203,-1.0693480968475342,1408
101743.15257217921,2599911,4.3268818855285645,0.4625268578529358,1491
101743.20257217996,2599912,4.3300557136535645,-0.3089062571525574,1451
101743.2525721807,2599913,4.331132888793945,0.3089843690395355,1443
101743.30257218145,2599914,4.328910827636719,-0.1545141637325287,1425
101743.3525721822,2599915,4.326157569885254,0.30860593914985657,1478
101743.40257218294,2599916,4.323227882385254,-0.4621313512325287,1418
101743.45257218368,2599917,4.320917129516602,0.15422119200229645,1419
101743.50257218443,2599918,4.322402477264404,-0.462043434381485,1427
101743.55257218517,2599919,4.325293064117432,2.441406195430318e-06,1431
101743.60257218592,2599920,4.328489303588867,-0.30878904461860657,1427
101743.65257218666,2599921,4.33132791519165,2.441406195430318e-06,1460
101743.70257218741,2599922,4.330278396606445,-0.15455810725688934,1363
101743.75257218815,2599923,4.327647686004639,0.30873534083366394,1468
101743.8025721889,2599924,4.324769020080566,-0.3085302710533142,1391
101743.85257218964,2599925,4.321816444396973,-2.441406195430318e-06,1457
101743.90257219039,2599926,4.32130241394043,-0.30827635526657104,1437
101743.95257219113,2599927,4.323594570159912,0.3084496855735779,1485
101744.00257219188,2599928,4.326780319213867,-0.15443603694438934,1403
101744.05257219262,2599929,4.330019474029541,0.0,1485
101744.10257219337,2599930,4.331216812133789,-0.15459471940994263,1432
101744.15257219411,2599931,4.329233646392822,0.3088476359844208,1454
101744.20257219486,2599932,4.326452732086182,-0.3086474537849426,1378
101744.2525721956,2599933,4.323495864868164,0.0,1468
101744.30257219635,2599934,4.321086883544922,-0.46190428733825684,1422
101744.3525721971,2599935,4.322203636169434,0.3083447217941284,1505
101744.40257219784,2599936,4.3250017166137695,-0.15437255799770355,1354
101744.45257219858,2599937,4.328186988830566,0.1544848531484604,1470
101744.50257219933,2599938,4.3313679695129395,-0.3089965879917145,1401
101744.55257220007,2599939,4.330668926239014,0.15456542372703552,1486
101744.60257220082,2599940,4.328136920928955,-0.3087695240974426,1423
101744.65257220156,2599941,4.3253493309021,0.46236082911491394,1491
101744.70257220231,2599942,4.322422027587891,-0.15427733957767487,1428
101744.75257220306,2599943,4.321132659912109,-2.441406195430318e-06,1492
101744.8025722038,2599944,4.323302745819092,-0.6152758598327637,1403
101744.85257220455,2599945,4.326152324676514,-2.441406195430318e-06,1473
101744.90257220529,2599946,4.329457759857178,-0.15452636778354645,1404
101744.95257220604,2599947,4.3318915367126465,0.7691234946250916,1476
101745.00257220678,2599948,4.33001184463501,-0.6162328720092773,1413
101745.05257220753,2599949,4.327128887176514,0.0,1463
101745.10257220827,2599950,4.324357509613037,-0.30849120020866394,1388
101745.15257220902,2599951,4.321386814117432,2.441406195430318e-06,1451
101745.20257220976,2599952,4.321793079376221,-0.46197509765625,1361
101745.2525722105,2599953,4.324199199676514,9.765624781721272e-06,1448
101745.30257221125,2599954,4.327366828918457,-0.15445800125598907,1391
101745.352572212,2599955,4.330555438995361,0.4629174768924713,1522
101745.40257221274,2599956,4.331398963928223,-0.46300047636032104,1390
101745.45257221349,2599957,4.3291015625,4.882812390860636e-06,1480
101745.50257221423,2599958,4.326409816741943,-0.462470680475235,1384
101745.55257221498,2599959,4.323399543762207,0.15431639552116394,1434
101745.60257221572,2599960,4.32107400894165,-0.1542333960533142,1378
101745.65257221647,2599961,4.322363376617432,0.0,1488
101745.70257221721,2599962,4.325160026550293,-0.30854734778404236,1406
101745.75257221796,2599963,4.328312873840332,0.3087744116783142,1471
101745.8025722187,2599964,4.331466197967529,-0.30900633335113525,1420
101745.85257221945,2599965,4.330820083618164,-4.882812390860636e-06,1463
101745.90257222019,2599966,4.328489780426025,-0.30879393219947815,1395
101745.95257222094,2599967,4.325568675994873,0.1543896496295929,1498
101746.00257222168,2599968,4.322773456573486,-0.15428709983825684,1390
101746.05257222243,2599969,4.321171760559082,2.441406195430318e-06,1508
101746.10257222317,2599970,4.322988986968994,-0.1542993187904358,1418
101746.15257222392,2599971,4.32595682144165,-2.441406195430318e-06,1524
101746.20257222466,2599972,4.32912540435791,-0.15451659262180328,1353
101746.2525722254,2599973,4.331698894500732,2.441406195430318e-06,1441
101746.30257222615,2599974,4.3305745124816895,-0.4629174768924713,1379
101746.3525722269,2599975,4.327812194824219,0.0,1476
101746.40257222764,2599976,4.325003623962402,-0.3085376024246216,1370
101746.45257222839,2599977,4.322185039520264,0.3083508312702179,1461
101746.50257222913,2599978,4.321603775024414,-0.6150219440460205,1425
101746.55257222988,2599979,4.323575496673584,0.15431883931159973,1503
101746.60257223062,2599980,4.32660436630249,-0.15442870557308197,1368
101746.65257223137,2599981,4.329733848571777,0.7687695026397705,1437
101746.70257223211,2599982,4.331763744354248,-0.1546069234609604,1386
101746.75257223286,2599983,4.330156326293945,0.0,1480
101746.8025722336,2599984,4.32749080657959,-0.3087158203125,1410
101746.85257223435,2599985,4.324611186981201,0.15435791015625,1490
101746.90257223509,2599986,4.321835517883301,-0.15425780415534973,1344
101746.95257223584,2599987,4.321699142456055,0.15424926578998566,1478
101747.00257223658,2599988,4.324168682098389,-0.6153857111930847,1366
101747.05257223733,2599989,4.327070236206055,-1.220703097715159e-06,1524
101747.10257223807,2599990,4.330219745635986,-0.15455566346645355,1388
101747.15257223882,2599991,4.332382678985596,3.662109293145477e-06,1479
101747.20257223956,2599992,4.331959247589111,-0.15461914241313934,1411
101747.25257224031,2599993,4.33064603805542,0.15446288883686066,1492
101747.30257224105,2599994,4.329184055328369,-0.15452270209789276,1386
101747.3525722418,2599995,4.327754020690918,0.0,1496
101747.40257224254,2599996,4.3279218673706055,-0.3087560832500458,1415
101747.45257224329,2599997,4.329218864440918,2.441406195430318e-06,1459
101747.50257224403,2599998,4.3307318687438965,-0.46293577551841736,1381
101747.55257224478,2599999,4.332284927368164,-1.220703097715159e-06,1491
101747.60257224552,2600000,4.333539962768555,-1.9397765398025513,1404
101747.65257224627,2600001,4.33388614654541,1.9399255514144897,1463
101747.70257224701,2600002,4.333909511566162,-1.9399389028549194,1378
101747.75257224776,2600003,4.334061145782471,1.8003880977630615,1489
101747.8025722485,2600004,4.33387565612793,-1.93994140625,1435
101747.85257224925,2600005,4.333956718444824,1.800392985343933,1532
101747.90257225,2600006,4.333895206451416,-1.6585400104522705,1359
101747.95257225074,2600007,4.334003448486328,1.9399535655975342,1455
101748.00257225148,2600008,4.3339524269104,-1.9399572610855103,1361
101748.05257225223,2600009,4.333985328674316,1.658541202545166,1485
101748.10257225297,2600010,4.333949089050293,-1.658538818359375,1361
101748.15257225372,2600011,4.333988666534424,1.9399596452713013,1485
101748.20257225446,2600012,4.333957195281982,-1.8003942966461182,1391
101748.25257225521,2600013,4.33402156829834,1.9399547576904297,1484
101748.30257225595,2600014,4.333950996398926,-1.9399535655975342,1430
101748.3525722567,2600015,4.333968162536621,1.9399535655975342,1481
101748.40257225744,2600016,4.333956241607666,-1.8003917932510376,1359
101748.45257225819,2600017,4.333970069885254,1.9399572610855103,1500
101748.50257225893,2600018,4.333950996398926,-1.658544898033142,1353
101748.55257225968,2600019,4.333977222442627,1.8003991842269897,1483
101748.60257226042,2600020,4.333958625793457,-1.8003978729248047,1353
101748.65257226117,2600021,4.3339996337890625,1.5145727396011353,1516
101748.70257226191,2600022,4.3340044021606445,-1.6585437059402466,1349
101748.75257226266,2600023,4.334002494812012,1.5145800113677979,1487
101748.8025722634,2600024,4.333986282348633,-1.9399547576904297,1360
101748.85257226415,2600025,4.334030628204346,0.1546948254108429,1419
101748.9025722649,2600026,4.333984851837158,-1.9399511814117432,1309
101748.95257226564,2600027,4.333988189697266,1.9399584531784058,1485
101749.00257226638,2600028,4.333980560302734,-1.8004076480865479,1334
101749.05257226713,2600029,4.334015846252441,1.8004064559936523,1450
101749.10257226788,2600030,4.33401346206665,-1.8004015684127808,1302
101749.15257226862,2600031,4.334025859832764,1.9399645328521729,1473
101749.20257226937,2600032,4.333980560302734,-1.8004076480865479,1339
101749.25257227011,2600033,4.334036827087402,1.3686877489089966,1487
101749.30257227086,2600034,4.3339715003967285,-1.6585521697998047,1315
101749.3525722716,2600035,4.3339619636535645,1.8004064559936523,1472
101749.40257227235,2600036,4.3339738845825195,-1.9399657249450684,1369
101749.45257227309,2600037,4.334011554718018,0.30918943881988525,1459
101749.50257227384,2600038,4.334028720855713,-1.6585595607757568,1397
101749.55257227458,2600039,4.334036350250244,1.800413727760315,1477
101749.60257227533,2600040,4.333993434906006,-1.93997061252594,1336
101749.65257227607,2600041,4.334061622619629,1.0718432664871216,1529
101749.70257227682,2600042,4.333959579467773,-1.9399731159210205,1337
101749.75257227756,2600043,4.33403205871582,1.939978003501892,1474
101749.8025722783,2600044,4.334000587463379,-1.8004125356674194,1358
101749.85257227905,2600045,4.334083080291748,1.9399755001068115,1478
101749.9025722798,2600046,4.334028720855713,-1.6585595607757568,1341
101749.95257228054,2600047,4.334089756011963,0.1546984761953354,1468
101750.00257228129,2600048,4.333995342254639,-1.6585668325424194,1348
101750.05257228203,2600049,4.334050178527832,1.939980387687683,1437
101750.10257228278,2600050,4.334030628204346,-0.154693603515625,1310
101750.15257228352,2600051,4.33404016494751,1.8004223108291626,1454
101750.20257228427,2600052,4.3339433670043945,-1.9399755001068115,1384
101750.25257228501,2600053,4.3340020179748535,0.7695336937904358,1435
101750.30257228576,2600054,4.33402156829834,-1.800421118736267,1379
101750.3525722865,2600055,4.334066867828369,1.658565640449524,1418
101750.40257228725,2600056,4.334012508392334,-1.6585644483566284,1347
101750.45257228799,2600057,4.334038734436035,1.8004199266433716,1439
101750.50257228874,2600058,4.333996772766113,-1.939978003501892,1354
101750.55257228948,2600059,4.334063529968262,1.5145971775054932,1477
101750.60257229023,2600060,4.334672451019287,-1.9402782917022705,1310
101750.65257229097,2600061,4.3361287117004395,1.659332275390625,1488
101750.70257229172,2600062,4.3372721672058105,-1.5157140493392944,1281
101750.75257229246,2600063,4.338172912597656,1.8021178245544434,1457
101750.8025722932,2600064,4.338565826416016,-1.8022936582565308,1347
101750.85257229395,2600065,4.337977886199951,1.6600621938705444,1484
